model,prompt,story_id,groovist,MCC,mci_tanh_mcc_over_gv,mci_tanh_gv_over_mcc
human,original,13683,0.4255181917244814,0.3293526856563642,0.6492515356946015,0.8596450906411596
human,original,13596,0.2414197566947521,0.0,0.0,1.0
human,original,12423,0.2520791804345022,0.47521030874120457,0.9549490601855072,0.4857312151425799
human,original,12358,0.5841781106101654,,,
human,original,11719,0.186726691795691,0.6118556566078872,0.9971537858867094,0.2960467011973141
human,original,11678,0.4420554204845765,0.221345590089283,0.46268249103386483,0.9638240840021587
human,original,11543,0.427706293711258,,,
human,original,11541,0.497792978922896,,,
human,original,11457,0.2089908028694664,,,
human,original,11340,0.6686742035563726,0.3807970779778824,0.5149778201538633,0.9420529472549851
human,original,11260,0.5635384823763564,0.45532064435764275,0.6684673669507347,0.8447908698949048
human,original,10499,0.7985783870318172,0.4621171572600097,0.5217015460088845,0.9388293877120235
human,original,10486,0.9264179058931892,0.6983715541715261,0.6374346877945278,0.8684011742412148
human,original,10408,0.5386847155646775,0.5711956169668236,0.785798679062824,0.7366353878668402
human,original,9914,0.6718280405886473,0.6005431686329421,0.713311806273599,0.807116483855648
human,original,9418,0.0922078077461661,0.2490786070946581,0.9910302400055473,0.3541627887161474
human,original,9334,0.7285934769288507,0.6822617902381697,0.7335681988478203,0.7886721111004852
human,original,8551,-0.0309319974076293,,,
human,original,8154,0.1374831322929346,0.4316674528597634,0.9962585965057167,0.30814378930807296
human,original,8085,0.1378098778807473,0.5711956169668236,0.9994979050044502,0.23669084149021585
human,original,8061,0.498309522607672,0.6473461938029312,0.8614872951721573,0.6467973386770893
human,original,7702,0.1985010524969522,0.7615941559557649,0.9990704122999691,0.25489300406299703
human,original,7596,0.7682397778356571,0.5311053762466973,0.5988342032245455,0.8949970705031068
human,original,7195,0.6386115590452178,0.6996765874203054,0.7989207496085771,0.722437077690673
human,original,7150,0.3201423229801144,0.7543237877285113,0.9821940620852644,0.40063883684101953
human,original,7065,-0.1110057109122948,0.7128154631118069,-0.9999947101343974,-0.1544817531143642
human,original,6921,-0.0559125328798402,0.6981502448769116,-0.9999999999714624,-0.0799158916034925
human,original,6878,0.6267646442643888,0.0,0.0,1.0
human,original,6847,0.7055774860895851,0.4059772992450658,0.5193016072381433,0.9399910795526216
human,original,6729,0.5235778270550356,0.15231883119115297,0.28298059958206595,0.9979350453108283
human,original,6215,0.6671321257405399,0.7615941559557649,0.8149502012195755,0.7043936484832966
human,original,6111,-0.0484801681363532,0.5077294373038432,-0.9999999983991296,-0.09519512523018037
human,original,5721,0.8652306749962864,,,
human,original,5540,0.0908243268364201,,,
human,original,5349,0.8436470534654561,0.7468691896538088,0.7090577313940916,0.8108748009175986
human,original,5265,0.5221098957266107,0.5630769637639292,0.7926289610442808,0.7293064948907325
human,original,5201,0.4729383689150921,0.45963054182067903,0.7495211125303247,0.7734882003828877
human,original,5062,-0.087038680466407,,,
human,original,5047,0.0912718527034623,,,
human,original,4797,0.3569126636922229,0.3807970779778824,0.788297799714511,0.7339690460721959
human,original,4173,0.6348790865961849,0.5306478944028192,0.6835914317053707,0.8325601351435987
human,original,4047,0.4932744319413879,,,
human,original,3891,0.6147168665759651,0.7128154631118069,0.8209040556242848,0.6974811998588947
human,original,3761,0.3569661306622985,0.664036770267849,0.9526994827521605,0.49114620573451745
human,original,3295,0.3832543775663459,0.4655810361143507,0.8381163622310298,0.6767939148995155
human,original,3230,0.8353246174027892,0.7615941559557649,0.7219636462547282,0.7993504865626324
human,original,2926,0.2808593308808987,0.3409283394220386,0.8378383203698003,0.6771369000103288
human,original,2722,0.4425726587999649,,,
human,original,2702,0.9544001678534914,0.3320183851339245,0.33449561686244267,0.9936488128322323
human,original,2400,0.6113353444459363,0.5897638476270287,0.7463722417542874,0.7765325482126434
human,original,1467,0.4000963707786193,0.7615941559557649,0.956538365310539,0.48181140861087896
human,original,1214,0.9325945853771456,0.5827829453479101,0.5545338794559892,0.9217051864018075
human,original,1201,0.7151393415746865,,,
human,original,1111,0.473368824664465,,,
human,original,948,0.7230803436941962,0.31170492890393975,0.40622285014306075,0.9808602285004873
human,original,733,0.0129232531695244,0.714748805761072,1.0,0.01807886182375634
human,original,723,0.8703983247280546,0.6777821008468294,0.6519618338015234,0.8575962262125933
human,original,721,0.069873798056097,0.5711956169668236,0.9999998412922422,0.12172245190527305
human,original,515,0.5760047175105154,0.6625849320709064,0.8178572850840404,0.7010333691284406
human,original,345,0.4895473373601182,0.7506886036148845,0.9110104300710684,0.573102812499432
human,large,515,0.7563319141316678,0.6674756274695116,0.7076779244407397,0.8120853559024545
human,large,10499,0.7415219141833613,0.29116160239542516,0.373646022007978,0.9878023511908689
human,large,12423,0.7497280608466151,0.6336137449882728,0.6885139350477929,0.8284759309807953
human,large,6921,0.2972156544615392,0.46073507233743566,0.9138136825815696,0.5683553974219157
human,large,2702,0.7948594637725286,0.5484590056262245,0.5979868244902172,0.8955463634889835
human,large,5265,0.7933271676820273,0.57075106240684,0.6165621168857751,0.8831644039466362
human,large,11541,0.53366621894062,,,
human,large,8085,0.8319000437085609,0.4281748573534369,0.4735952902506377,0.9597631542214585
human,large,11543,0.449821199067476,,,
human,large,7702,0.71629333104403,0.7615941559557649,0.7869020473884809,0.7354603429081823
human,large,7065,0.3760734296318855,0.692920714716861,0.9510359174211251,0.49505666583230185
human,large,7195,0.6450515622859848,0.3385693862480279,0.4814513282432028,0.9566827134515183
human,large,13596,0.6809542835897643,0.7615941559557649,0.807019282293604,0.7134212418124087
human,large,3230,0.4312725059155775,0.45781660418788406,0.786255721307151,0.7361490598748698
human,large,11678,0.6193957593319385,0.3384862915358955,0.49787605199725676,0.9498161981035169
human,large,2722,0.630996979212811,,,
human,large,5540,0.4091192552802829,,,
human,large,10408,0.4443466033654747,0.5213230693883723,0.8253065206963954,0.6922920512478048
human,large,7596,0.4643300645219059,0.5972376984701824,0.8581373431896875,0.6512479714328485
human,large,3761,0.5756573559082465,0.5858831037858461,0.7689540617416563,0.7541661168334355
human,large,1201,0.4291157059446081,,,
human,large,3891,0.7943017662773761,0.4914698730225239,0.5502532873872378,0.9240674865609847
human,large,948,0.6755281405780967,0.5182166135645693,0.6452563763474544,0.8626376436309865
human,large,5047,0.4843256378729313,,,
human,large,9914,0.7175659472777751,0.5223895021509393,0.6218415148924316,0.8795151206374434
human,large,1467,0.2338492919831192,0.48665523670909694,0.9693288895070283,0.44666278167236095
human,large,4797,0.7316260091097954,0.3807970779778824,0.47807078006603615,0.9580244071696626
human,large,1214,0.7618095842042505,0.3814596491660598,0.46268976129979844,0.9638214667666559
human,large,6847,0.7419285834119327,0.5676315804520665,0.644056963040683,0.8635296340856541
human,large,11457,0.7019670240925976,,,
human,large,12358,0.5625876687916175,,,
human,large,11719,0.3283520378730162,0.5486330548236484,0.9316664017846109,0.5359750381509337
human,large,6215,0.628303088215015,0.5689717397314691,0.7189986584854721,0.8020304954669109
human,large,6729,0.358679862510378,0.41013710700279205,0.8155768521881244,0.7036716639706992
human,large,9418,0.428290924457643,0.38037577776498854,0.7104662725778453,0.8096347626978403
human,large,5062,0.8359041015579626,,,
human,large,11340,0.5955474674251724,0.634661796629804,0.7878273079149318,0.7344723585504097
human,large,4173,0.8160137634716272,0.36820566996630066,0.4229052902215501,0.976506911209081
human,large,4047,0.5480426168208434,,,
human,large,5201,0.2985531581824077,0.5338270633181962,0.945554058933028,0.507435172103723
human,large,721,0.4891248949101476,0.4785254545684373,0.7523419651782448,0.7707408717950862
human,large,723,0.7466305432170807,0.5545997223493823,0.6308359300928031,0.8731655456585857
human,large,1111,0.78135652283252,,,
human,large,5721,0.527977033034461,,,
human,large,8154,0.4221044673560713,0.3774034419934206,0.7134126997279532,0.8070268617749096
human,large,345,0.7545762685070891,0.6917412625170607,0.7243458782314042,0.7971830611390524
human,large,733,0.4082100846240419,0.7002378497086295,0.9373050263254151,0.5248128917228042
human,large,6878,0.6310820614932277,0.4328812409846,0.5953641837530873,0.8972369795768441
human,large,6111,0.5255329646601771,0.6245855422193907,0.8301069286697401,0.6865555375379718
human,large,3295,0.6673137001882066,0.3905887358572307,0.5265177571592489,0.936460988106183
human,large,2400,0.2792416625302983,0.2897041564318797,0.7768860304787889,0.7460050222981933
human,large,5349,0.7184805919775096,0.6818376375358697,0.7393297088953369,0.7832567052979462
human,large,8551,0.3155336880108141,,,
human,large,7150,0.659823723140079,0.5598318816251785,0.6902623657099047,0.8270129517569911
human,large,2926,0.6149920409986562,0.5194425358301517,0.6882551760252998,0.8286918933042196
human,large,13683,0.419606696871267,0.4734331757561645,0.8104292184787868,0.7095644211116978
human,large,10486,0.7967294647513938,0.6569868527781588,0.6775683285314771,0.8374882537709378
human,large,9334,0.87188782330934,0.7615941559557649,0.703148106709747,0.8160305923379687
human,large,11260,0.280640269643067,0.5565619018938565,0.9628202076233786,0.46544443875276287
human,large,8061,0.5553170674442851,0.6335430536864294,0.8147059083214977,0.7046747494961485
claude45,original,7702,0.7627129807093148,0.6731492802530094,0.7077055786193742,0.8120611344768458
claude45,original,9418,0.7996201436004716,0.6755462971806149,0.6883609901651468,0.8286035991474823
claude45,original,13683,0.7196360466436046,0.339866409614354,0.4400359646529386,0.9714485745422795
claude45,original,2722,0.6382344402675747,,,
claude45,original,10499,0.7978953636738096,0.6829809665364641,0.6941796808645341,0.8237116894327121
claude45,original,12358,0.6079299971728898,,,
claude45,original,733,0.6120975480755183,0.7128154631118069,0.8225157156038232,0.6955893743044043
claude45,original,11543,0.8400061085723382,,,
claude45,original,7195,0.7213508197735696,0.3498382937101527,0.45022036199544646,0.9681530706600594
claude45,original,721,0.7773033720974624,0.3807970779778824,0.4541331299289624,0.9668291641879025
claude45,original,10408,0.7508702856634136,0.7615941559557649,0.7675272529672758,0.755616862628449
claude45,original,11541,0.7751298249536333,,,
claude45,original,948,0.8748197296027811,0.5096066935569511,0.5245001559819319,0.9374591826467237
claude45,original,7596,0.700666897579713,0.4813659538015675,0.5960584565179254,0.8967908253669866
claude45,original,3295,0.7591417883594752,0.5077294373038432,0.584203335459378,0.9042715971243797
claude45,original,5201,0.6264947732789993,0.615332712004688,0.7540094833589064,0.7691078061758253
claude45,original,345,0.7490888192572547,0.7128154631118069,0.7404960164568659,0.7821511315688502
claude45,original,5265,0.801032832228581,0.6495928613275681,0.6701107449096645,0.8434849891897407
claude45,original,3761,0.8035364271924254,0.7128154631118069,0.7099573540870828,0.810083302703119
claude45,original,6878,0.6997917636651477,0.664036770267849,0.7392874755426498,0.7832966798804301
claude45,original,6847,0.837553242010641,0.7194457547662724,0.6957343953490142,0.8223924427242788
claude45,original,9334,0.9262361223374592,0.6822617902381697,0.6270841129828244,0.8758343981412322
claude45,original,515,0.914780482716838,0.74694534700927,0.6731765735997607,0.8410337560317563
claude45,original,1111,0.7967260397463651,,,
claude45,original,2400,0.6865203082002039,0.6092753247646119,0.71014846434908,0.8099149335869862
claude45,original,2702,0.8372910048819316,0.3320183851339245,0.37698354847013843,0.9871822529604448
claude45,original,723,0.635497872627706,0.7214749119973186,0.8128222797301515,0.7068356579548797
claude45,original,2926,0.720871514013965,0.4719370208709059,0.5748091575191551,0.9099913204538999
claude45,original,11260,0.6277268814013297,0.4870902477920234,0.6503810796067208,0.858793050018477
claude45,original,9914,0.7452560396470046,0.7468691896538088,0.7625017116495315,0.7606855617449454
claude45,original,10486,0.8516853386771045,0.31757447619364365,0.356506241376245,0.9906764718553757
claude45,original,5349,0.7145951833938218,0.6493218614769001,0.7204869896811634,0.8006876507769329
claude45,original,1214,0.7613615317260656,0.7615941559557649,0.7617224383464176,0.7614658420288329
claude45,original,1467,0.5264681487224246,0.3807970779778824,0.6189523536532267,0.8815193180123962
claude45,original,11678,0.849307763731853,0.2538647186519216,0.29031278266239574,0.9975190659709033
claude45,original,3230,0.876031373121813,0.3080781048400065,0.3378599482928249,0.9932439011182181
claude45,original,6215,0.4974153312344416,0.31757447619364365,0.5638427738656002,0.9164344244774342
claude45,original,7065,0.5679755578146624,0.7506886036148845,0.8672040182187802,0.6390735129791608
claude45,original,4797,0.7323504050342714,0.23105857863000484,0.3054348533862724,0.9964744031404205
claude45,original,13596,0.8722979690508567,0.7615941559557649,0.7029403983486425,0.8162104349131263
claude45,original,5540,0.8787766587949378,,,
claude45,original,8061,0.7446674284869956,0.7295070165407852,0.7529106073556201,0.7701847382921151
claude45,original,4173,0.8235441285522253,0.7506886036148845,0.7218677815155282,0.7994374424163128
claude45,original,11340,0.8104811697546924,0.2538647186519216,0.3033701124121385,0.9966328204749758
claude45,original,5062,0.8257022457267339,,,
claude45,original,3891,0.8246378791089741,0.3807970779778824,0.431529698106738,0.9740357417981736
claude45,original,5721,0.7206500961584759,,,
claude45,original,11457,0.5541152146299628,,,
claude45,original,5047,0.4526430947514946,,,
claude45,original,6921,0.7205002815043191,0.6247687005508582,0.6999139287138414,0.8188203672031921
claude45,original,12423,0.9064442548122432,0.7290750273931262,0.6664472810833169,0.8463884159333958
claude45,original,7150,0.8211326991295587,0.47521030874120457,0.5217383652789046,0.9388114696733773
claude45,original,6729,0.8176038679250778,0.4148608510916141,0.4679251883192847,0.9619047360576795
claude45,original,8551,0.7408058438756867,,,
claude45,original,1201,0.8635632663495157,,,
claude45,original,11719,0.6542941028178765,0.6197583647522253,0.7385204339986441,0.7840219834024502
claude45,original,8154,0.6132291665074436,0.7615941559557649,0.8460081312486807,0.666929121146768
claude45,original,4047,0.9015741823793468,,,
claude45,original,8085,0.852944370165435,0.5513625255374248,0.5692567602130162,0.9132850888486732
claude45,original,6111,0.606490533394959,0.43288124098460007,0.6130215510390649,0.8855795221611078
claude45,large,3761,0.8229750190804062,0.7615941559557649,0.7284494603969953,0.7934197232510714
claude45,large,1111,0.7854492583737184,,,
claude45,large,13596,0.682551150876437,0.7615941559557649,0.8061048890346301,0.7144492665477125
claude45,large,3891,0.8705186870482873,0.3807970779778824,0.41151771700480805,0.9795387622023647
claude45,large,4047,0.8860232189714101,,,
claude45,large,7150,0.7567679690271805,0.47521030874120457,0.5566370615015026,0.9205303310192265
claude45,large,1201,0.6954043469470542,,,
claude45,large,5201,0.6047471773463671,0.6092753247646119,0.7647208895239134,0.7584551812848881
claude45,large,8551,0.7176345825246664,,,
claude45,large,515,0.8339339893812666,0.7231351212763357,0.6999166493516763,0.8188180313730345
claude45,large,10499,0.817106245640826,0.3753846425092862,0.42960108510914274,0.9746015681336162
claude45,large,2926,0.7306807857580961,0.5468062705448447,0.6341646152294402,0.8707734107495526
claude45,large,9914,0.8390286579555596,0.7468691896538088,0.7114724147316428,0.8087463583130157
claude45,large,11340,0.8230801686250482,0.1790165223326784,0.21413001557867664,0.9997970460533906
claude45,large,948,0.8941427278971755,0.502244210405973,0.5092411812947646,0.944726842729756
claude45,large,12423,0.8897936495770112,0.43468145484582293,0.45304050030361054,0.9672021035503583
claude45,large,7195,0.8373473378907605,0.36607211167592635,0.4113048189126788,0.979592969101192
claude45,large,6847,0.7957752825302182,0.7194457547662724,0.7182794402757188,0.8026776570828943
claude45,large,8154,0.5557441589305548,0.6018198307874847,0.7942750172249275,0.7275204482780724
claude45,large,1467,0.5829244033898975,0.7615941559557649,0.8633886204928746,0.6442468429251046
claude45,large,11543,0.8455047879199137,,,
claude45,large,4797,0.7418629022633398,0.3807970779778824,0.4725111991496946,0.9601779034942488
claude45,large,733,0.7338699824062108,0.7128154631118069,0.7492795114492393,0.7737226240971903
claude45,large,8061,0.6198465659841269,0.7295070165407852,0.826476495537912,0.6909015666137073
claude45,large,721,0.7716404152012826,0.5711956169668236,0.6292874089935223,0.8742705995420423
claude45,large,5265,0.7884326973555179,0.6731492802530092,0.6930398674623508,0.8246756093454345
claude45,large,11719,0.6771660641928514,0.6983715541715261,0.7744352194027431,0.7485441947279644
claude45,large,11457,0.4125925993960007,,,
claude45,large,8085,0.9134282757033731,0.11552928931500242,0.12580863933308017,0.9999997286296841
claude45,large,345,0.7491702391897389,0.3807970779778824,0.4686131671540566,0.9616485339524743
claude45,large,10408,0.785650422934037,0.7615941559557649,0.7484318964474447,0.7745439356120678
claude45,large,5062,0.7707464240931161,,,
claude45,large,4173,0.7908630810076285,0.3621583430350643,0.4283939596174101,0.9749518363180016
claude45,large,6878,0.5692443662057449,0.7321442233518527,0.858119770655973,0.6512711785977172
claude45,large,10486,0.8149647351289828,0.6983715541715261,0.6946749701762491,0.8232919718290884
claude45,large,11678,0.6844381652660775,0.6343790913889182,0.7291270601555664,0.7927946594840811
claude45,large,5047,0.5164211800136419,,,
claude45,large,2722,0.5828023236326126,,,
claude45,large,9334,0.922855962822929,0.664036770267849,0.6166276343553946,0.8831194699939205
claude45,large,3230,0.8919054569992646,0.7615941559557649,0.6930991476090281,0.8246255463814012
claude45,large,5349,0.6317376035152336,0.7128154631118069,0.8104507154275103,0.7095399968416191
claude45,large,12358,0.4402249315067102,,,
claude45,large,13683,0.6791861792884483,0.339866409614354,0.46243357706578964,0.9639137649999276
claude45,large,11541,0.778204665759961,,,
claude45,large,7702,0.7141075308585023,0.6983715541715261,0.7521832380293952,0.7708959751185892
claude45,large,6215,0.8191737227884224,0.6089659488675987,0.6311892371531134,0.8729127278693274
claude45,large,6921,0.5857756804860969,0.587065990935648,0.7625176914845533,0.7606695423269353
claude45,large,5540,0.7914229750259524,,,
claude45,large,2400,0.6869190167052021,0.6092753247646119,0.7098930305102197,0.8101399519107846
claude45,large,1214,0.8015195032086901,0.5827829453479101,0.6212865033395549,0.8799014673220861
claude45,large,6729,0.715811034586409,0.33716569409515684,0.4390280222346875,0.9717629648060369
claude45,large,3295,0.6580815295136444,0.7615941559557649,0.8201562205190932,0.6983560066731174
claude45,large,7596,0.627188242833167,0.4813659538015675,0.6454724345821258,0.86247664760902
claude45,large,9418,0.6982499348148087,0.6631204738854027,0.7396423407206424,0.782960662700414
claude45,large,723,0.7614926308005431,0.6896155075258059,0.71901861497073,0.8020125244598374
claude45,large,11260,0.5940115402907853,0.5004590690765897,0.6871348126598407,0.8296253365701045
claude45,large,5721,0.7151925421969486,,,
claude45,large,6111,0.6385936634265797,0.43288124098460007,0.5901306286268398,0.9005679418893807
claude45,large,7065,0.7916733047344885,0.7019099107709266,0.7097180844265226,0.8102939862161135
claude45,large,2702,0.8201402587350922,0.221345590089283,0.2635201319631708,0.998790989176475
gpt4o,original,13683,0.3687882463907677,0.34918577708576304,0.7383519475109022,0.7841811096739955
gpt4o,original,7195,0.4201337238792888,0.29139147267395504,0.6002694987321491,0.8940632691587832
gpt4o,original,948,0.7300702193994113,0.6810686622943535,0.7319342976503806,0.7901940140888216
gpt4o,original,5540,0.5793321059298238,,,
gpt4o,original,8085,0.6899000338742769,0.741761064526366,0.7914017572299799,0.7306330111193964
gpt4o,original,11543,0.5934182322856644,,,
gpt4o,original,11719,0.6330311933136599,0.5486330548236484,0.6996814352010521,0.8190200486841968
gpt4o,original,3230,0.713624420132525,0.3807970779778824,0.48813569676934354,0.9539578994146346
gpt4o,original,5349,0.7435424039484121,0.6493218614769001,0.7030375607401604,0.8161263175794542
gpt4o,original,5265,0.6016168821182201,0.5630769637639292,0.7333510495247331,0.788874723925936
gpt4o,original,1214,0.5146117036905529,0.4621171572600097,0.7153186906808842,0.8053297531927417
gpt4o,original,6729,0.4814264771384516,0.658746930930976,0.8783094393594831,0.6235677235363192
gpt4o,original,11260,0.3109288833566121,0.6694712905238412,0.9733911846497583,0.43369556744246057
gpt4o,original,5047,0.1397784121414562,,,
gpt4o,original,13596,0.66328058264282,0.7615941559557649,0.817164602550106,0.7018365883489038
gpt4o,original,2400,0.4240887138706988,0.7363051152420693,0.9397849876376271,0.5197292340726373
gpt4o,original,8154,0.3589676860752256,0.6810313959829152,0.9559965998413589,0.48315673068957554
gpt4o,original,4797,0.7746046155238074,0.6118556566078872,0.6583490638741505,0.8527077479005505
gpt4o,original,9418,0.447951161713898,0.48128531539797814,0.7911186691278123,0.7309383907092233
gpt4o,original,12358,0.3525261784256794,,,
gpt4o,original,1467,0.3778858907101944,0.5707715591054949,0.9070159669734483,0.5797337078963601
gpt4o,original,3891,0.6285277459191018,0.7128154631118069,0.8124189745185976,0.7072968322271724
gpt4o,original,6111,0.4791623492008304,0.5675384858979519,0.8288461368123587,0.6880702634131335
gpt4o,original,12423,0.5854313084837556,0.6988065652544525,0.8317108563362117,0.6846201119525067
gpt4o,original,4047,0.4827885259111537,,,
gpt4o,original,721,0.6434889617065523,0.7054580087163325,0.7991666239271581,0.7221662696765936
gpt4o,original,6878,0.4218893188723053,0.5370495669980352,0.8545987241158934,0.655891366030284
gpt4o,original,11340,0.6921754064686956,0.221345590089283,0.3093102497834464,0.9961628434303594
gpt4o,original,2926,0.6348925355356627,0.2851261852447228,0.4211536667490213,0.9769902825980771
gpt4o,original,723,0.6653695519055332,0.6267898358136783,0.7361478600125444,0.7862568539453617
gpt4o,original,4173,0.6427392325801029,0.5486330548236484,0.6929381066407839,0.8247615301950892
gpt4o,original,7596,0.4661691100871894,0.6721885506518375,0.894087860836053,0.6002317935700551
gpt4o,original,515,0.414626054859798,0.6137627572113045,0.9015204729283135,0.5886173410013494
gpt4o,original,11457,0.3732429599470063,,,
gpt4o,original,733,0.6682717724670556,0.714748805761072,0.7892909011002872,0.7329046590998463
gpt4o,original,6847,0.5737095931719433,0.7194457547662724,0.8494082542761241,0.6625990713956764
gpt4o,original,8061,0.7057242678175991,0.6057546710340569,0.6954038205876797,0.8226733794180952
gpt4o,original,1201,0.6103033296251708,,,
gpt4o,original,9914,0.6195753598454153,0.7615941559557649,0.8423527987178526,0.6715298499852834
gpt4o,original,7702,0.4579592209939094,0.2538647186519216,0.5037652273355316,0.9472135194138305
gpt4o,original,5721,0.5206830931011235,,,
gpt4o,original,5201,0.4946569924096907,0.5977376143607831,0.8361953062904989,0.6791575767017654
gpt4o,original,7065,0.4798068939137261,0.7506886036148845,0.9161567657612241,0.5643243932516739
gpt4o,original,5062,0.7345609662573047,,,
gpt4o,original,11541,0.4093371489525077,,,
gpt4o,original,3295,0.3293463216565658,0.7290750273931262,0.9763911552989394,0.42332144168269575
gpt4o,original,345,0.7344555118160725,0.7128154631118069,0.7489396967205747,0.774052099049732
gpt4o,original,6921,0.4688227422214133,0.6247687005508582,0.8698913975815703,0.635383996513211
gpt4o,original,2702,0.767994179129189,0.3320183851339245,0.40725740467613375,0.9806063886515397
gpt4o,original,8551,0.450541313310878,,,
gpt4o,original,1111,0.7485939548277918,,,
gpt4o,original,9334,0.8788387904839643,0.7615941559557649,0.6996381708268228,0.8190571982532827
gpt4o,original,6215,0.6961765358227078,0.6089659488675987,0.7037689517295684,0.8154924830861136
gpt4o,original,3761,0.6304703655677775,0.7128154631118069,0.8112275784434574,0.7086561146821229
gpt4o,original,10499,0.6050284169721605,0.4655810361143507,0.6466498300811047,0.8615976232721617
gpt4o,original,7150,0.6955356645439732,0.7543237877285113,0.7948700339564528,0.7268729044581835
gpt4o,original,10408,0.4016629064962259,0.7615941559557649,0.9559025675315656,0.4833892620823032
gpt4o,original,10486,0.7619256360930804,0.7429554210129468,0.7509378827384726,0.7721107517102489
gpt4o,original,2722,0.6179942725933286,,,
gpt4o,original,11678,0.4384384426353759,0.5077294373038432,0.820400229280255,0.6980707727687554
gpt4o,large,733,0.5402310910230548,0.7615941559557649,0.8874423543673492,0.6102643508742238
gpt4o,large,6111,0.6030354819079926,0.731138322242641,0.8374069299149636,0.6776684800019155
gpt4o,large,9418,0.5257658205847057,0.6988065652544525,0.8690344103170207,0.636564748294684
gpt4o,large,7195,0.364042132300625,0.29139147267395504,0.6642789689123717,0.8480937391636465
gpt4o,large,5349,0.6058414269381371,0.6493218614769001,0.7901266333304091,0.7320067738568119
gpt4o,large,721,0.555620477271589,0.7168913533038012,0.8591929511142329,0.6498513738900071
gpt4o,large,5540,0.6541507058012658,,,
gpt4o,large,6921,0.3501853064920932,0.6491021752747498,0.9520834901346005,0.4926031819812947
gpt4o,large,11678,0.443844352485269,0.5077294373038432,0.8157351391495103,0.7034890988160961
gpt4o,large,7596,0.3654466565724523,0.7128154631118069,0.96036075961721,0.4720311511337657
gpt4o,large,6729,0.5282692796002938,0.6314822297890939,0.8322397937885385,0.6839797579164465
gpt4o,large,13596,0.6722200463227883,0.7615941559557649,0.8120277182177699,0.7077437274928893
gpt4o,large,5265,0.7151772555102788,0.5630769637639292,0.6568910034330728,0.8538311019621688
gpt4o,large,5721,0.4763577123249085,,,
gpt4o,large,11457,0.5322597140506772,,,
gpt4o,large,1467,0.3939773540714985,0.5707715591054949,0.8954438460302051,0.5981451446025722
gpt4o,large,9914,0.6611751201084052,0.7128154631118069,0.7924948851401895,0.7294516336196311
gpt4o,large,5062,0.8204971010405804,,,
gpt4o,large,6847,0.5595846753724617,0.7194457547662724,0.8579904047278517,0.6514419570605587
gpt4o,large,723,0.7451352024365192,0.703905603936621,0.7373597368170942,0.7851169375221043
gpt4o,large,8154,0.332925867587482,0.7363051152420693,0.9762936964113881,0.42367083829774577
gpt4o,large,3230,0.7494309548855359,0.7389460130773946,0.7556555950632291,0.7674890891154444
gpt4o,large,11260,0.4082364603258511,0.5004590690765897,0.8413873801029114,0.6727357839162275
gpt4o,large,9334,0.8308910703913445,0.7615941559557649,0.7242846454481424,0.7972389320663049
gpt4o,large,3295,0.268554238549154,0.7290750273931262,0.9912688430940975,0.352546969648496
gpt4o,large,2400,0.3790340122997718,0.7166852381642189,0.9554446510241921,0.4845175705967216
gpt4o,large,5047,0.1221306899024,,,
gpt4o,large,4797,0.586305513110062,0.6721885506518375,0.8165851821799796,0.7025072377945574
gpt4o,large,11541,0.6100563685555247,,,
gpt4o,large,7065,0.6047891404215043,0.7615941559557649,0.8508633345833939,0.6607307463537928
gpt4o,large,948,0.6864289429972649,0.6961386412449233,0.7674710816339176,0.7556738687547966
gpt4o,large,8061,0.5334309351617098,0.7237574169237782,0.8756480513942142,0.6273474026643481
gpt4o,large,3761,0.6530433045424899,0.7128154631118069,0.7974353860076001,0.7240692594255527
gpt4o,large,6878,0.6314055367822855,0.7321442233518527,0.8208921015077411,0.6974951990017938
gpt4o,large,11543,0.5851155366446477,,,
gpt4o,large,345,0.7043566336457836,0.6495928613275681,0.7269600558761358,0.7947900065437189
gpt4o,large,2926,0.4211717351038364,0.41793353929829263,0.7583462018558578,0.764829000776718
gpt4o,large,1201,0.6671017271541102,,,
gpt4o,large,13683,0.4535794262207677,0.34918577708576304,0.6468392039519083,0.8614559688187541
gpt4o,large,8551,0.6269828203155551,,,
gpt4o,large,4173,0.6964219718015086,0.7371981092294224,0.7851086063668291,0.7373685805399125
gpt4o,large,5201,0.3857597079396138,0.5977376143607831,0.9137042093291752,0.5685423145029239
gpt4o,large,11340,0.6730119278925194,0.3320183851339245,0.45685706337716137,0.9658884693026192
gpt4o,large,8085,0.7752258815898847,0.741761064526366,0.742860511602988,0.7799000425743017
gpt4o,large,10499,0.7361560046991349,0.4079037710719248,0.5035864865287296,0.9472936096300323
gpt4o,large,7150,0.6827469903945992,0.7543237877285113,0.8022295756632081,0.7187775488869944
gpt4o,large,10486,0.742768611837939,0.7429554210129468,0.7616997552413014,0.7614885314682269
gpt4o,large,3891,0.5983060350694058,0.7128154631118069,0.8310092695749828,0.6854678742425889
gpt4o,large,515,0.5461873995618981,0.5077294373038432,0.7304019004609128,0.7916158485392473
gpt4o,large,2722,0.4631232223718387,,,
gpt4o,large,1111,0.6066174626045971,,,
gpt4o,large,11719,0.6111974715707958,0.6009501042670069,0.754462442255909,0.76866304140077
gpt4o,large,12423,0.5692206749741144,0.7409549664439451,0.8621603358980732,0.6458965572439131
gpt4o,large,6215,0.5321364595379962,0.7403210562372962,0.8834399010032782,0.6161601468902776
gpt4o,large,12358,0.2665388821554407,,,
gpt4o,large,10408,0.5366944043356882,0.7615941559557649,0.8893997745558665,0.6073417489089944
gpt4o,large,4047,0.5403220030131297,,,
gpt4o,large,2702,0.8240944112338271,0.3320183851339245,0.38241798638163876,0.9861290915732255
gpt4o,large,7702,0.4524598325316787,0.2538647186519216,0.5087759340366362,0.9449406052799652
gpt4o,large,1214,0.5394096108568947,0.7615941559557649,0.887897597887045,0.6095869798968735
internvl3,original,3761,0.6676872117003305,0.7128154631118069,0.7885511041002891,0.7336978306905975
internvl3,original,948,0.7230240548602461,0.33609427532591873,0.4340249507174064,0.973292314474044
internvl3,original,9914,0.7193632518851986,0.33201838513392445,0.4313424429575056,0.9740910141224053
internvl3,original,6111,0.6449535329708755,0.43288124098460007,0.5857568958495754,0.9033079377721355
internvl3,original,4047,0.7126634920219609,,,
internvl3,original,5047,0.2712979038383673,,,
internvl3,original,13683,0.6388822386519177,0.6296242699728353,0.7554408717481015,0.767700611345013
internvl3,original,5265,0.274007094295518,0.49958336212902243,0.9491614365750011,0.4993735343939191
internvl3,original,11678,0.5481616798170794,0.7615941559557649,0.8830300960804334,0.6167579044355986
internvl3,original,6215,0.3898022173416283,0.6089659488675987,0.9157831503866262,0.5649711114810465
internvl3,original,3295,0.5421601935304577,0.7290750273931262,0.8728106629252055,0.6313317667534196
internvl3,original,7195,0.4184858048586241,0.29139147267395504,0.602013682893383,0.8929227649986065
internvl3,original,8154,0.4702408289241765,0.5724021263777492,0.83884202626397,0.675897306224148
internvl3,original,1467,0.4949360219288591,0.5630769637639294,0.81363013250212,0.7059102984588791
internvl3,original,7596,0.5731044488970957,0.6493218614769001,0.8120402473415844,0.7077294221997443
internvl3,original,7065,0.4807340613114628,0.664036770267849,0.8812414783950078,0.6193543648660245
internvl3,original,6729,0.5308011336648065,0.0,0.0,1.0
internvl3,original,8061,0.7282751217266384,0.705359753134541,0.7480596762558921,0.7749040628345087
internvl3,original,13596,0.6799655418734218,0.7615941559557649,0.8075856627891407,0.7127831699717814
internvl3,original,4173,0.7159399675551769,0.6535498157090194,0.7225000297615548,0.7988635705405652
internvl3,original,12358,0.4675347996844135,,,
internvl3,original,11457,0.5716318296163372,,,
internvl3,original,3891,0.5692794984006847,0.569910675054572,0.7620593932447483,0.7611286341152573
internvl3,original,2926,0.3220950496769598,0.43744501643587574,0.8759572306189723,0.6269104374494074
internvl3,original,11340,0.8552849342336208,0.3807970779778824,0.4179687952508818,0.977853261252751
internvl3,original,5062,0.7800756258902273,,,
internvl3,original,1201,0.6913026402175934,,,
internvl3,original,11543,0.645365405600784,,,
internvl3,original,10486,0.708320119960827,0.6535498157090194,0.7271607885895848,0.794605619206488
internvl3,original,10408,0.3649282662465237,0.7615941559557649,0.9696835843732213,0.44557358273802905
internvl3,original,9334,0.8411534173348478,0.7615941559557649,0.7189250186461332,0.8020968130883529
internvl3,original,515,0.6862642165794879,0.626971730837418,0.7228561686214006,0.7985399231088797
internvl3,original,2400,0.3793980066753456,0.43573535433787625,0.8172536902814698,0.7017333650117611
internvl3,original,10499,0.662178874124278,0.3753846425092862,0.5130739061441959,0.9429481826607915
internvl3,original,8551,0.2668745036884082,,,
internvl3,original,721,0.5253333250496011,0.5774862095484998,0.8002387286918586,0.7209833358463144
internvl3,original,7150,0.5402841034471888,0.4408553322073048,0.6728701524160052,0.8412796246827122
internvl3,original,345,0.601169256649661,0.7128154631118069,0.8292452095242303,0.6875914456491167
internvl3,original,6878,0.7420016172042012,0.7321442233518527,0.7559581547577975,0.7671908462518705
internvl3,original,733,0.646407379166369,0.6731492802530094,0.7784285004250678,0.7443988073962065
internvl3,original,5349,0.7285634426096178,0.36607211167592635,0.46404759242004634,0.9633299398753497
internvl3,original,12423,0.8257121463193566,0.6766662344469258,0.6747944252764925,0.8397323332203904
internvl3,original,5540,0.7383662877101281,,,
internvl3,original,2702,0.6173764056582149,0.7128154631118069,0.8192683240087345,0.6993921787183169
internvl3,original,9418,0.5626722041269314,0.4216815785286932,0.6348068029810267,0.8703092776935776
internvl3,original,8085,0.7652031947768002,0.5678228498465636,0.6303851277006058,0.8734877566705898
internvl3,original,11719,0.5883748234886609,0.5486330548236484,0.7317364450231792,0.7903778892145241
internvl3,original,1111,0.6137919534920564,,,
internvl3,original,723,0.8336467310030091,0.5545997223493823,0.5818595330745693,0.9057159057465398
internvl3,original,5721,0.6909236932925782,,,
internvl3,original,6921,0.3199190409041059,0.3080781048400065,0.7456065673862949,0.7772692384037997
internvl3,original,5201,0.6249144600425764,0.486764100002022,0.652091639068798,0.8574977148638265
internvl3,original,11260,0.3099328374699276,0.71451084453808,0.9803070438599739,0.40846650606743307
internvl3,original,6847,0.6431553883819541,0.7543237877285113,0.8251831598145826,0.6924383854568189
internvl3,original,11541,0.8160203287424971,,,
internvl3,original,7702,0.5913289919627983,0.0,0.0,1.0
internvl3,original,1214,0.7911880300738117,0.29139147267395504,0.35250043384820734,0.9912756508910086
internvl3,original,3230,0.4015899458141369,0.4079037710719248,0.7681183542434193,0.7550164678005488
internvl3,original,2722,0.6069585375295853,,,
internvl3,original,4797,0.5831607744565945,0.5827829453479101,0.7613219136284526,0.7618662915804032
internvl3,large,7195,0.2899028400500221,0.3125502070042588,0.7925010742748767,0.729444918895397
internvl3,large,12358,0.3621853431319962,,,
internvl3,large,723,0.810772444805956,0.703905603936621,0.7004540184486198,0.818356051700781
internvl3,large,7065,0.4556946331071578,0.664036770267849,0.8971067868642446,0.5955669415931129
internvl3,large,10499,0.685035079687241,0.45532064435764275,0.5814613104801597,0.9059601586533247
internvl3,large,515,0.6789895247702108,0.5728037703172867,0.6877175193652394,0.8291401799711297
internvl3,large,5721,0.5420230674877258,,,
internvl3,large,5062,0.7249381786436414,,,
internvl3,large,8061,0.7305810325745467,0.718219484090371,0.7543960468223098,0.7687282690738432
internvl3,large,6215,0.6655586117527851,0.0,0.0,1.0
internvl3,large,5349,0.7046327468685287,0.6345968951749439,0.7165930947418697,0.8041905702449976
internvl3,large,345,0.622459113091307,0.7128154631118069,0.8161444256488264,0.7030166454673596
internvl3,large,733,0.5761536585824896,0.6731492802530094,0.8237425800355574,0.6941432017499594
internvl3,large,11340,0.8212445407441356,0.3807970779778824,0.4330811387577532,0.973575019834371
internvl3,large,11719,0.5526517369691604,0.5486330548236484,0.7585232955118961,0.7646532978094607
internvl3,large,4173,0.5549321986815984,0.5765933135464701,0.7775062311571073,0.7453599602996684
internvl3,large,6847,0.7046535735505906,0.6773263814907731,0.7448200916790417,0.7780245286361129
internvl3,large,8551,0.4400227966679075,,,
internvl3,large,5047,0.1865697261985554,,,
internvl3,large,11543,0.5347018909444085,,,
internvl3,large,4797,0.6138393164583654,0.29139147267395504,0.44199154313911654,0.9708325777044746
internvl3,large,2926,0.4748651225375339,0.5487460552288571,0.8195951665328768,0.6990110618276739
internvl3,large,9334,0.8800995868198301,0.694782670314738,0.6580896478014192,0.8529079363446417
internvl3,large,7150,0.5449376338920918,0.5004590690765897,0.725129469979907,0.7964673532597781
internvl3,large,6729,0.3920509885973418,0.3970610938343079,0.7669090719229532,0.7562437896287094
internvl3,large,11541,0.6477210468642814,,,
internvl3,large,1201,0.7444953479134958,,,
internvl3,large,7702,0.5227561276947787,0.0,0.0,1.0
internvl3,large,3891,0.6735519973238924,0.31757447619364365,0.4394041460936222,0.9716458934272258
internvl3,large,5540,0.7198291024659388,,,
internvl3,large,1214,0.5026837425751837,0.4621171572600097,0.7255660799630845,0.7960679724115431
internvl3,large,3230,0.532871550943041,0.3657553698824323,0.5956550319306183,0.8970501937939649
internvl3,large,6111,0.6328203664057818,0.646669727804933,0.7706332430405519,0.7524520801496866
internvl3,large,2722,0.5998858532641732,,,
internvl3,large,2702,0.722915574363273,0.7128154631118069,0.7556638230255929,0.7674809810935953
internvl3,large,11457,0.5158078143408107,,,
internvl3,large,9418,0.6079359341511382,0.22742059674605655,0.3575609024481042,0.9905142488562264
internvl3,large,10408,0.6025878401124254,0.5395843160747043,0.714072748338066,0.806440054922856
internvl3,large,12423,0.8280251349838822,0.7242889158358627,0.7037635561468604,0.8154971650664858
internvl3,large,6878,0.5448382703704338,0.5370495669980352,0.7555247638347098,0.7676179802713665
internvl3,large,10486,0.7520416748748282,0.31757447619364365,0.3988520562725946,0.9826080203661691
internvl3,large,13596,0.5728506991938178,0.694782670314738,0.8375327186244039,0.6775135560897488
internvl3,large,13683,0.4021775605350099,0.5660277402568521,0.8869423422467765,0.6110067085821715
internvl3,large,7596,0.6210027135965203,0.6493218614769001,0.7800907282793448,0.7426607478573491
internvl3,large,11260,0.3226559900043713,0.6819917159754413,0.9712379758512714,0.44070739103625944
internvl3,large,9914,0.7007688650536371,0.3746656949684922,0.48892712772131736,0.9536289539869659
internvl3,large,6921,0.8164354443752861,0.6318310149500718,0.6491855720325577,0.8596947762221314
internvl3,large,8085,0.7861827725117394,0.5053751060418291,0.5668175402567723,0.9147116187108414
internvl3,large,1111,0.5339030536801677,,,
internvl3,large,5265,0.4963266288460973,0.37538464250928616,0.638907683220011,0.8673254024919481
internvl3,large,2400,0.3876787033103671,0.5479776948029327,0.8882317110394693,0.6090889365557128
internvl3,large,8154,0.4184785528378936,0.4336569083470905,0.7764109684811826,0.7464984585685792
internvl3,large,11678,0.5992191722587368,0.4481257004345583,0.6338641765179378,0.87099025361994
internvl3,large,3295,0.4082324369577648,0.7194457547662724,0.9427641596831957,0.5134666224877859
internvl3,large,5201,0.5825201250766147,0.4362645528984914,0.6345078623154508,0.8705254379772082
internvl3,large,1467,0.2559723096866818,0.6493218614769001,0.9875554207924299,0.3749880954620854
internvl3,large,3761,0.5228320136164994,0.7128154631118069,0.8771732519231998,0.6251864470737261
internvl3,large,721,0.6923067151291247,0.7615941559557649,0.8005284687128068,0.7206630587352852
internvl3,large,4047,0.5138343555998433,,,
internvl3,large,948,0.7517818129028259,0.580985931421717,0.648561541435531,0.8601642854490354
llama4scout,original,5349,0.5453018498345775,0.0,0.0,1.0
llama4scout,original,6878,0.120104694384578,0.0,0.0,1.0
llama4scout,original,9418,0.4811972653276767,0.0,0.0,1.0
llama4scout,original,12358,0.3280223186000699,,,
llama4scout,original,11340,0.505276820642576,0.0,0.0,1.0
llama4scout,original,345,0.5052593762268626,0.0,0.0,1.0
llama4scout,original,11541,0.4918082670796406,,,
llama4scout,original,8061,0.6560441675931422,0.5337542267668686,0.6715686364153726,0.8423217936105147
llama4scout,original,3761,0.1349474343237243,0.0,0.0,1.0
llama4scout,original,2400,0.3611934683185642,0.25405958095491493,0.6065146119550436,0.8899505333156088
llama4scout,original,4047,0.7130521578543605,,,
llama4scout,original,10499,0.4003700311829873,0.4079037710719248,0.769384220656349,0.7537277131231004
llama4scout,original,9914,0.5838705918523953,0.0,0.0,1.0
llama4scout,original,5265,0.0162987895901342,0.0,0.0,1.0
llama4scout,original,5201,0.6402131465363077,0.11091994446987645,0.1715417339798637,0.9999806062370754
llama4scout,original,7702,0.1981186520009523,0.0,0.0,1.0
llama4scout,original,5540,0.0668355970630893,,,
llama4scout,original,6111,-0.0600332414173082,0.0,-0.0,-1.0
llama4scout,original,1467,0.5491833780157943,0.0,0.0,1.0
llama4scout,original,7596,0.4167014569889996,0.0,0.0,1.0
llama4scout,original,6847,0.1642292072906046,0.0,0.0,1.0
llama4scout,original,8085,0.3352685732900146,0.0,0.0,1.0
llama4scout,original,1214,0.8053805228272783,0.0,0.0,1.0
llama4scout,original,13596,0.3355396296382983,0.0,0.0,1.0
llama4scout,original,7150,-0.1338277171378273,0.0,-0.0,-1.0
llama4scout,original,1111,0.3795492600944889,,,
llama4scout,original,948,0.5360917932779161,0.6717492948229444,0.8491364149498877,0.6629470868287445
llama4scout,original,2702,0.2410265076479017,0.0,0.0,1.0
llama4scout,original,6215,0.4624091442335141,0.0,0.0,1.0
llama4scout,original,11260,0.1957611380944302,0.6411293002120266,0.9971441896646029,0.2961899781951596
llama4scout,original,11719,0.7114576328161197,0.0,0.0,1.0
llama4scout,original,733,0.3962873904192551,0.6731492802530094,0.935238730163278,0.5289647007130487
llama4scout,original,4173,0.6281702784566091,0.0,0.0,1.0
llama4scout,original,2722,0.496023841638297,,,
llama4scout,original,7065,0.204027455149328,0.0,0.0,1.0
llama4scout,original,12423,0.5050151554541098,0.0,0.0,1.0
llama4scout,original,6729,0.635645843638663,0.0,0.0,1.0
llama4scout,original,11457,0.3631606942845008,,,
llama4scout,original,1201,0.3549072166302289,,,
llama4scout,original,13683,0.0450498839864613,0.5197512246453054,0.9999999998094913,0.08645945117109943
llama4scout,original,5062,0.4811078067824638,,,
llama4scout,original,4797,0.6373915968255499,0.0,0.0,1.0
llama4scout,original,7195,0.0713922715897594,0.0,0.0,1.0
llama4scout,original,2926,0.0405474049785491,0.0,0.0,1.0
llama4scout,original,10486,0.1577303283590203,0.31757447619364365,0.9649622651061213,0.4594957707961369
llama4scout,original,3295,0.0292534114729593,0.0,0.0,1.0
llama4scout,original,11678,0.2857449436461345,0.0,0.0,1.0
llama4scout,original,9334,0.9352076666205148,0.0,0.0,1.0
llama4scout,original,5721,0.4876533777927761,,,
llama4scout,original,515,0.7533750396110422,0.6539094276667757,0.7003429521235415,0.8184515860195937
llama4scout,original,3230,0.1667583001553725,0.0,0.0,1.0
llama4scout,original,11543,0.0623817168259542,,,
llama4scout,original,3891,0.1208082869641899,0.0,0.0,1.0
llama4scout,original,5047,-0.0578648021917604,,,
llama4scout,original,8154,0.2901206600855913,0.7363051152420693,0.9875860367890523,0.3748226529787538
llama4scout,original,10408,0.7367575159809369,0.2538647186519216,0.33155139129291744,0.9939891807052267
llama4scout,original,723,0.0456153510727638,0.0,0.0,1.0
llama4scout,original,721,0.1414782105437133,0.0,0.0,1.0
llama4scout,original,8551,0.3643189569038115,,,
llama4scout,original,6921,0.0862929774893828,0.0,0.0,1.0
llama4scout,large,5540,-0.0437097145357348,,,
llama4scout,large,6921,0.1917760509914411,0.0,0.0,1.0
llama4scout,large,5047,0.0936481243470717,,,
llama4scout,large,12423,0.1190170735643879,0.221345590089283,0.9526585095344393,0.4912434172176878
llama4scout,large,8061,0.2242256975592114,0.7066965203796113,0.996346683954386,0.3070518530189
llama4scout,large,5201,0.4178618622947209,0.08697760381441369,0.20519427783687058,0.999865697008644
llama4scout,large,11340,0.1866754352488985,0.2538647186519216,0.8763758125645311,0.6263179598858574
llama4scout,large,1201,0.5993549277240662,,,
llama4scout,large,11541,0.7111345867240284,,,
llama4scout,large,11678,0.3546221615348088,0.2538647186519216,0.6143469271055537,0.8846784683008655
llama4scout,large,4047,0.8033664751301585,,,
llama4scout,large,3891,0.5241122464799979,0.6731492802530094,0.8576424702066521,0.6519008781404115
llama4scout,large,9914,0.3104564215085666,0.0,0.0,1.0
llama4scout,large,7195,0.4555178197815833,0.29139147267395504,0.56469034265441,0.915945456876392
llama4scout,large,3295,0.2777954529323021,0.6292493611612079,0.978675091920754,0.4148631457712045
llama4scout,large,10408,0.3916917482251443,0.4704921670007616,0.8340140685856325,0.6818240784922953
llama4scout,large,4173,0.5492539747465076,0.3455347349164653,0.5574309960974864,0.9200844021115144
llama4scout,large,7596,0.2936092786368817,0.0,0.0,1.0
llama4scout,large,6215,0.3881329071330051,0.0,0.0,1.0
llama4scout,large,1111,0.2666822849510983,,,
llama4scout,large,7702,0.1326845142427339,0.3807970779778824,0.9935903437999482,0.3349903443824063
llama4scout,large,5721,0.4297897082470892,,,
llama4scout,large,9334,0.8498854835900866,0.0,0.0,1.0
llama4scout,large,7150,0.0963788951505029,0.0,0.0,1.0
llama4scout,large,1214,0.7292131684365294,0.3021838885585817,0.3921998909098919,0.984095043203941
llama4scout,large,5265,0.340280339341556,0.39073283979510753,0.817179299038525,0.7018195514907247
llama4scout,large,5062,0.5121672984707258,,,
llama4scout,large,2926,0.1219384284701745,0.0,0.0,1.0
llama4scout,large,948,0.2605573219641791,0.1903985389889412,0.6235152242478119,0.8783461811931983
llama4scout,large,9418,0.0505490337579524,0.0,0.0,1.0
llama4scout,large,8154,0.3639913564772173,0.6351293693488798,0.9407925650209114,0.5176308064262553
llama4scout,large,515,0.4615318975877989,0.6114498858745266,0.8679792986341913,0.6380130667948724
llama4scout,large,7065,0.1806980680127452,0.664036770267849,0.9987152332875331,0.2655969257725493
llama4scout,large,11260,0.1405928407312417,0.7351500340498998,0.9999425582711896,0.18894582085175604
llama4scout,large,721,-0.0032091277382856,0.0,-0.0,-1.0
llama4scout,large,11457,0.3648978081966842,,,
llama4scout,large,6847,0.4169950711406964,0.6745008029084216,0.9242646393631476,0.5498928298910797
llama4scout,large,8085,0.6734126660214641,0.3059278283039436,0.4254228700230797,0.9758012464963999
llama4scout,large,3761,-0.0270256958430744,0.0,-0.0,-1.0
llama4scout,large,5349,0.2753804450037335,0.3320183851339245,0.8353763895597511,0.6801608054130082
llama4scout,large,345,0.6034613319174558,0.7128154631118069,0.8278332358943241,0.6892829820378217
llama4scout,large,6878,0.0417098008098656,0.5370495669980352,0.999999999986902,0.07750893512503691
llama4scout,large,6111,-0.072388372767627,0.0,-0.0,-1.0
llama4scout,large,13683,-0.1398219643473071,0.0,-0.0,-1.0
llama4scout,large,11543,0.3739882008214408,,,
llama4scout,large,11719,0.3327382941846809,0.0,0.0,1.0
llama4scout,large,3230,-0.1311739784493193,0.23105857863000484,-0.9426665959024288,-0.5136745736178655
llama4scout,large,2702,0.4693499752845805,0.0,0.0,1.0
llama4scout,large,8551,0.4762386345302054,,,
llama4scout,large,10486,0.6525921002482172,0.6587053713127284,0.7655003503954039,0.7576688463426933
llama4scout,large,12358,0.0509262627899321,,,
llama4scout,large,6729,0.32670644956585,0.0,0.0,1.0
llama4scout,large,13596,-0.0515326940102943,0.7615941559557649,-0.9999999999997087,-0.06756116768566552
llama4scout,large,2722,0.3269631081230069,,,
llama4scout,large,10499,0.5256036396303799,0.0,0.0,1.0
llama4scout,large,2400,0.1206368219826212,0.15231883119115297,0.8517856147854552,0.6595416514600888
llama4scout,large,723,0.2933758728616979,0.5545997223493823,0.9554085947161105,0.4846061250006307
llama4scout,large,1467,0.2523151323694045,0.7615941559557649,0.9952332361285817,0.3196872043245608
llama4scout,large,4797,0.3438518284926418,0.3807970779778824,0.8031574646013603,0.7177453738842623
llama4scout,large,733,0.3764407450495335,0.0,0.0,1.0
qwen3vl,original,5062,0.7185256017633751,,,
qwen3vl,original,3761,0.8137108646166067,0.3807970779778824,0.43656242924065974,0.9725231294166337
qwen3vl,original,10499,0.7254802300268763,0.2117163174624291,0.28381753719328046,0.9978903465731187
qwen3vl,original,13683,0.426938360078137,0.6721885506518375,0.9177290263247889,0.5615859522948482
qwen3vl,original,4173,0.8638267270627541,0.7538882922816479,0.7027589790401905,0.8163674393311915
qwen3vl,original,5201,0.696436214554561,0.5977376143607831,0.6953706694585282,0.8227015398714865
qwen3vl,original,3295,0.708074326379062,0.7615941559557649,0.7915561277120087,0.7304663854331893
qwen3vl,original,11678,0.5763935962268996,0.7290750273931262,0.8524068813829578,0.6587386073250883
qwen3vl,original,11541,0.5578706548978342,,,
qwen3vl,original,7065,0.8249176898565723,0.7128154631118069,0.6983666042880138,0.8201471518636967
qwen3vl,original,5349,0.7743321585645192,0.7615941559557649,0.754598428577692,0.7685294208652569
qwen3vl,original,3891,0.721991693355865,0.3807970779778824,0.48341092926403817,0.9558937993431602
qwen3vl,original,7150,0.749901400588183,0.47521030874120457,0.5605926662458415,0.9182954147883104
qwen3vl,original,7702,0.9626440614494952,0.4481257004345583,0.4345687822682162,0.9731285843760501
qwen3vl,original,6111,0.8255526127984832,0.692173774885176,0.68498024914006,0.8314130023175175
qwen3vl,original,2926,0.5995866713145113,0.3807970779778824,0.5615534819960789,0.9177475731121609
qwen3vl,original,2400,0.603212051215966,0.5839862840509163,0.7478803502846587,0.7750774430869339
qwen3vl,original,8061,0.8366199520591734,0.6694441113883114,0.6641357514920604,0.8482060458318509
qwen3vl,original,345,0.6992012815854652,0.6342022736925061,0.7197076404560746,0.8013914296061398
qwen3vl,original,2722,0.6588829611293127,,,
qwen3vl,original,5540,0.6361623632479634,,,
qwen3vl,original,1467,0.6573921371817582,0.5707715591054949,0.7004768023947775,0.8183364481817217
qwen3vl,original,515,0.8269061430658379,0.6881591281016991,0.6816606012597214,0.8341482314716949
qwen3vl,original,7195,0.7440280885503688,0.3807970779778824,0.4713501408098292,0.9606193235077544
qwen3vl,original,4797,0.7905978567020989,0.5827829453479101,0.6274153600589131,0.8755999319092923
qwen3vl,original,11543,0.6584983496032045,,,
qwen3vl,original,5721,0.5725015238315828,,,
qwen3vl,original,6878,0.5897662691903895,0.664036770267849,0.809622423064981,0.7104802722649483
qwen3vl,original,11457,0.6217470452768665,,,
qwen3vl,original,948,0.8902275706568509,0.6363658596423898,0.6136998043971026,0.8851188746596937
qwen3vl,original,5265,0.6738646833057025,0.5630769637639292,0.6834680346884211,0.8326618632110956
qwen3vl,original,8085,0.89207038309457,0.741761064526366,0.6812833355572835,0.83445761649557
qwen3vl,original,12358,0.6555683191162759,,,
qwen3vl,original,11719,0.7059204806353996,0.7280404607365143,0.7744431823966541,0.7485359708202655
qwen3vl,original,721,0.7185465043259163,0.7168913533038012,0.7606250530120154,0.7625620786464581
qwen3vl,original,9334,0.9543705388279352,0.6822617902381697,0.6137287327641051,0.8850992067157146
qwen3vl,original,733,0.6776576621762473,0.7128154631118069,0.7825367092856998,0.7400896352632721
qwen3vl,original,7596,0.7153996748332146,0.6721885506518375,0.735037781320887,0.7872980559912907
qwen3vl,original,9914,0.8155521207927906,0.6493218614769001,0.6618927040755268,0.8499592350476037
qwen3vl,original,11340,0.7990809492036074,0.2538647186519216,0.30742202900182997,0.9963169890493935
qwen3vl,original,12423,0.7335291374661004,0.6965558988304875,0.7395998221941846,0.7830009389121825
qwen3vl,original,8551,0.5132664854151334,,,
qwen3vl,original,10486,0.8722039070584708,0.6983715541715261,0.6644265679896202,0.8479779772738637
qwen3vl,original,1214,0.8304736729734645,0.3807970779778824,0.4288853442650997,0.9748096132463645
qwen3vl,original,11260,0.6840445324516857,0.6869266262036337,0.763357962980187,0.7598264524865703
qwen3vl,original,6847,0.7544643400385697,0.4059772992450658,0.49154842320454945,0.9525298848466542
qwen3vl,original,723,0.8974953765053214,0.6896155075258059,0.6459851647650099,0.8620942067806235
qwen3vl,original,8154,0.4296036944752072,0.4316674528597634,0.763604276754723,0.7595789692825963
qwen3vl,original,1111,0.9444985483706588,,,
qwen3vl,original,10408,0.5785721581332713,0.52649281431486,0.7211257346530309,0.8001098354961944
qwen3vl,original,6921,0.5856587594838639,0.6790089285241446,0.8208421050550988,0.6975537406861192
qwen3vl,original,13596,0.7749425090190198,0.7615941559557649,0.7542646833894219,0.7688572867690269
qwen3vl,original,4047,0.7429034932440809,,,
qwen3vl,original,5047,0.5016072487375701,,,
qwen3vl,original,6729,0.6726139928686591,0.5062147034924924,0.6367022928649377,0.8689343934133212
qwen3vl,original,1201,0.8374681035140972,,,
qwen3vl,original,9418,0.7288947835597955,0.4655810361143507,0.5640473611122067,0.9163165396247233
qwen3vl,original,6215,0.6884788413779779,0.7291958381283217,0.7853346802109806,0.7371285261465701
qwen3vl,original,3230,0.8311540499368315,0.7389460130773946,0.7109292472728005,0.8092262436642825
qwen3vl,original,2702,0.8605069215549711,0.3320183851339245,0.36776879133792484,0.9888457533387723
qwen3vl,large,8061,0.8519574292729681,0.7023652132343333,0.6774649054760175,0.8375722118904999
qwen3vl,large,11457,0.4887171756720831,,,
qwen3vl,large,723,0.7710419877420845,0.703905603936621,0.7225344966184382,0.7988322614017501
qwen3vl,large,2400,0.4525140354905563,0.5839862840509163,0.8592672100976633,0.6497529229131732
qwen3vl,large,4047,0.9170016848147662,,,
qwen3vl,large,6878,0.715810889265914,0.664036770267849,0.7295060331818206,0.7924446186578827
qwen3vl,large,3230,0.9013633462369756,0.7615941559557649,0.6884145392444524,0.8285589069542948
qwen3vl,large,12358,0.6766380248948103,,,
qwen3vl,large,6215,0.8284620552264668,0.6983715541715261,0.687380806036645,0.8294206150960083
qwen3vl,large,2722,0.6001704909279018,,,
qwen3vl,large,5201,0.6598176764644134,0.5977376143607831,0.719164978561433,0.8018806771291765
qwen3vl,large,5721,0.7217242752036169,,,
qwen3vl,large,7150,0.820569389786348,0.47521030874120457,0.5220274463386303,0.9386706867212297
qwen3vl,large,4797,0.8380594585259892,0.0,0.0,1.0
qwen3vl,large,9334,0.9053626881081608,0.6822617902381697,0.637278935920135,0.8685146621632356
qwen3vl,large,721,0.8456706073636797,0.5150594697273913,0.5434611736357041,0.9277362077941369
qwen3vl,large,4173,0.8708231855093573,0.7263318128943477,0.6826579975611283,0.8333288585598942
qwen3vl,large,8551,0.8422112719646329,,,
qwen3vl,large,10408,0.7240100920452984,0.7615941559557649,0.7825481862171842,0.7400775337118858
qwen3vl,large,11678,0.7262690771737887,0.3805143727369966,0.4807277197184604,0.9569719573360759
qwen3vl,large,2702,0.8604794769373358,0.7128154631118069,0.6796123545127531,0.8358243498940381
qwen3vl,large,1214,0.8265076092646748,0.3807970779778824,0.43067921400914294,0.9742862031291869
qwen3vl,large,1111,0.838605239736626,,,
qwen3vl,large,6111,0.7693560187252434,0.4156065718719197,0.4931397822180547,0.9518554781257555
qwen3vl,large,7702,0.7497372744746229,0.6721885506518375,0.714621413550012,0.8059515436798623
qwen3vl,large,13596,0.7583385200320154,0.7615941559557649,0.7633912624766748,0.759793005978474
qwen3vl,large,12423,0.8473026027027851,0.7290750273931262,0.6964976517525061,0.821742901345304
qwen3vl,large,5062,0.8617121908662759,,,
qwen3vl,large,5349,0.8666858999431399,0.7128154631118069,0.6764071896445445,0.8384295681772633
qwen3vl,large,3295,0.606408836270089,0.7290750273931262,0.8343496338543569,0.6814150493579956
qwen3vl,large,11719,0.5110378069226434,0.6720754141955838,0.8655648836887974,0.6413051983139009
qwen3vl,large,5265,0.7066729198901498,0.5630769637639292,0.6622439690706456,0.8496853696149361
qwen3vl,large,11541,0.8196415538619112,,,
qwen3vl,large,6729,0.7109389934987826,0.30463766238230594,0.40406732741764356,0.9813823460739951
qwen3vl,large,5540,0.6362470522926673,,,
qwen3vl,large,7195,0.4728957042550532,0.3807970779778824,0.6669590086079062,0.8459845209213402
qwen3vl,large,6921,0.6972244184625422,0.6353243678179814,0.7217169733426338,0.7995741927572813
qwen3vl,large,13683,0.7080152663785005,0.5135838631755032,0.6202339943739273,0.8806323767591818
qwen3vl,large,10486,0.8818470918048914,0.7429554210129468,0.6871305016123598,0.8296289277010183
qwen3vl,large,6847,0.8368727446619063,0.7194457547662724,0.6960946024387901,0.8220860562768111
qwen3vl,large,11543,0.6581913043782316,,,
qwen3vl,large,11260,0.5693277212046923,0.6965558988304877,0.8406750388374714,0.6736231844726059
qwen3vl,large,9418,0.7971793927618721,0.6755462971806149,0.6897195611205981,0.8274678306628107
qwen3vl,large,2926,0.7281904090596939,0.3807970779778824,0.47996294299413006,0.9572764406799127
qwen3vl,large,1201,0.8959582175623848,,,
qwen3vl,large,7065,0.407195370026529,0.7128154631118069,0.9414379884422744,0.5162762099796725
qwen3vl,large,11340,0.9298685469054188,0.47521030874120457,0.47076372686303125,0.9608411812023234
qwen3vl,large,515,0.8516853386771045,0.70199041908648,0.677369300810442,0.8376498025979969
qwen3vl,large,3891,0.7827066450210856,0.3807970779778824,0.451444582560988,0.9677423099970365
qwen3vl,large,3761,0.8289593989228163,0.6005431686329421,0.6196607897751208,0.8810294768405783
qwen3vl,large,7596,0.7626199731683715,0.5025246881318712,0.5776609419386795,0.9082744919598777
qwen3vl,large,10499,0.7394803485578849,0.45048227419543724,0.5435549857128577,0.9276862007267961
qwen3vl,large,733,0.8857503333493619,0.714748805761072,0.6678996438283104,0.8452407027792251
qwen3vl,large,5047,0.3736177561594106,,,
qwen3vl,large,8154,0.6104947260891836,0.44950099959633166,0.6268982645851112,0.8759658430374736
qwen3vl,large,9914,0.7712887375324647,0.36607211167592635,0.44192779869341264,0.9708527836071759
qwen3vl,large,1467,0.5018982114955516,0.5707715591054949,0.8134777934089803,0.7060849579506447
qwen3vl,large,948,0.8808790928173731,0.7000052325458923,0.6610445563408947,0.8506194411473057
qwen3vl,large,8085,0.8779946670288494,0.741761064526366,0.6883617720936529,0.8286029474792402
qwen3vl,large,345,0.8084430011401277,0.7615941559557649,0.7361629394851091,0.7862426928535334
