model,prompt,story_id,mcc_raw,MCC
human,original,13683,0.39583333333333337,0.3763781683131265
human,original,13596,0.0,0.0
human,original,12423,0.6,0.5370495669980352
human,original,12358,,
human,original,11719,0.75,0.6351489523872873
human,original,11678,0.26666666666666666,0.2605204458355026
human,original,11543,,
human,original,11541,,
human,original,11457,,
human,original,11340,0.5,0.46211715726000974
human,original,11260,0.5666666666666667,0.5129070584608084
human,original,10499,0.5,0.46211715726000974
human,original,10486,0.875,0.703905603936621
human,original,10408,0.75,0.6351489523872873
human,original,9914,0.7,0.6043677771171634
human,original,9418,0.32222222222222224,0.31151488232481983
human,original,9334,0.8333333333333334,0.6822617902381697
human,original,8551,,
human,original,8154,0.55,0.5005202111902353
human,original,8085,0.75,0.6351489523872873
human,original,8061,0.7904761904761904,0.658678712117796
human,original,7702,1.0,0.7615941559557649
human,original,7596,0.6166666666666667,0.5488029060285572
human,original,7195,0.8666666666666666,0.6996765874203054
human,original,7150,0.9833333333333334,0.7545052589201566
human,original,7065,0.9,0.7162978701990245
human,original,6921,0.865079365079365,0.6988654449103636
human,original,6878,0.0,0.0
human,original,6847,0.47222222222222215,0.4399930792892351
human,original,6729,0.2,0.197375320224904
human,original,6215,1.0,0.7615941559557649
human,original,6111,0.6666666666666666,0.5827829453479101
human,original,5721,,
human,original,5540,,
human,original,5349,0.9666666666666667,0.7472358212839743
human,original,5265,0.6499999999999999,0.5716699660851171
human,original,5201,0.5338095238095237,0.4882877217753479
human,original,5062,,
human,original,5047,,
human,original,4797,0.5,0.46211715726000974
human,original,4173,0.6416666666666666,0.566033298534397
human,original,4047,,
human,original,3891,0.9,0.7162978701990245
human,original,3761,0.8,0.664036770267849
human,original,3295,0.5833333333333334,0.525083943312195
human,original,3230,1.0,0.7615941559557649
human,original,2926,0.41666666666666663,0.3941185679308145
human,original,2722,,
human,original,2702,0.4,0.3799489622552249
human,original,2400,0.76,0.6410769611853464
human,original,1467,1.0,0.7615941559557649
human,original,1214,0.6666666666666666,0.5827829453479101
human,original,1201,,
human,original,1111,,
human,original,948,0.3666666666666667,0.35107264597890847
human,original,733,0.9,0.7162978701990245
human,original,723,0.825,0.6777821008468294
human,original,721,0.75,0.6351489523872873
human,original,515,0.8111111111111112,0.6702027468875122
human,original,345,0.975,0.7508932836251672
human,large,345,0.8583333333333334,0.6941410680233231
human,large,515,0.8132716049382717,0.6710942186774859
human,large,721,0.6083333333333333,0.5403615522421851
human,large,723,0.625,0.5545997223493823
human,large,733,0.8722222222222222,0.7003361002888796
human,large,948,0.6486111111111111,0.5636494517616725
human,large,1111,,
human,large,1201,,
human,large,1214,0.4444444444444445,0.3814596491660598
human,large,1467,0.625,0.4884999199641286
human,large,2400,0.36999999999999994,0.30616919143386795
human,large,2702,0.6666666666666666,0.5668715365238043
human,large,2722,,
human,large,2926,0.6541666666666667,0.5665317034398648
human,large,3230,0.5833333333333334,0.4655810361143507
human,large,3295,0.48888888888888893,0.4122420514727802
human,large,3761,0.7333333333333334,0.6141505992422944
human,large,3891,0.6333333333333333,0.5468440615730147
human,large,4047,,
human,large,4173,0.4365079365079365,0.38279940073470226
human,large,4797,0.5,0.4079037710719249
human,large,5047,,
human,large,5062,,
human,large,5201,0.6424603174603175,0.5643311608851863
human,large,5265,0.6583333333333333,0.5740058803157576
human,large,5349,0.8555555555555556,0.6917697872732241
human,large,5540,,
human,large,5721,,
human,large,6111,0.7851851851851851,0.6382016187343789
human,large,6215,0.7000000000000001,0.5967130461463087
human,large,6729,0.5144444444444445,0.4686924832814638
human,large,6847,0.6851851851851851,0.585801273971564
human,large,6878,0.5333333333333333,0.43288124098460007
human,large,6921,0.5687830687830688,0.49558711605059996
human,large,7065,0.8583333333333334,0.6947467481344982
human,large,7150,0.7111111111111111,0.6020811191159744
human,large,7195,0.4166666666666667,0.3929874851652859
human,large,7596,0.7666666666666666,0.6292493611612079
human,large,7702,1.0,0.7615941559557649
human,large,8061,0.7588624338624338,0.6367592483446919
human,large,8085,0.525,0.4788810909765709
human,large,8154,0.4777777777777778,0.44008037634302827
human,large,8551,,
human,large,9334,1.0,0.7615941559557649
human,large,9418,0.47222222222222215,0.4335344865169244
human,large,9914,0.6333333333333334,0.5397953843290964
human,large,10408,0.8018518518518518,0.6607303508578893
human,large,10486,0.7916666666666666,0.6576294708737497
human,large,10499,0.36111111111111116,0.32906703352406824
human,large,11260,0.7111111111111111,0.584444516101264
human,large,11340,0.8333333333333334,0.6617684897238465
human,large,11457,,
human,large,11541,,
human,large,11543,,
human,large,11678,0.4444444444444444,0.36103563116246634
human,large,11719,0.625,0.5545997223493823
human,large,12358,,
human,large,12423,0.7999999999999999,0.6497319086751955
human,large,13596,1.0,0.7615941559557649
human,large,13683,0.5972222222222222,0.5181859670102283
claude45,original,5349,0.8,0.664036770267849
claude45,original,6921,0.753968253968254,0.637510392144031
claude45,original,7065,0.975,0.7508932836251672
claude45,original,1201,,
claude45,original,9914,0.9666666666666667,0.7472358212839743
claude45,original,11678,0.3333333333333333,0.32151273753163434
claude45,original,345,0.9,0.7162978701990245
claude45,original,721,0.5,0.46211715726000974
claude45,original,7195,0.4333333333333333,0.40810325523432484
claude45,original,2400,0.8,0.664036770267849
claude45,original,3761,0.8999999999999999,0.7162978701990244
claude45,original,5540,,
claude45,original,3295,0.6666666666666666,0.5827829453479101
claude45,original,1214,1.0,0.7615941559557649
claude45,original,723,0.9107142857142857,0.7214749119973186
claude45,original,5062,,
claude45,original,6878,0.8,0.664036770267849
claude45,original,6729,0.5190476190476191,0.4769646276369566
claude45,original,8061,0.9301587301587301,0.7306678926822323
claude45,original,11719,0.725,0.619996867969374
claude45,original,12358,,
claude45,original,12423,0.9333333333333332,0.7321442233518526
claude45,original,5047,,
claude45,original,13683,0.41666666666666663,0.3941185679308145
claude45,original,5201,0.7571428571428571,0.6393909623878872
claude45,original,3891,0.5,0.46211715726000974
claude45,original,8551,,
claude45,original,2926,0.575,0.5190218338982221
claude45,original,3230,0.3333333333333333,0.32151273753163434
claude45,original,733,0.9,0.7162978701990245
claude45,original,4173,0.975,0.7508932836251672
claude45,original,10408,1.0,0.7615941559557649
claude45,original,8154,1.0,0.7615941559557649
claude45,original,5265,0.7749999999999999,0.6498274636719203
claude45,original,11340,0.3333333333333333,0.32151273753163434
claude45,original,10486,0.375,0.35835739835078595
claude45,original,11541,,
claude45,original,11543,,
claude45,original,11457,,
claude45,original,2702,0.4,0.3799489622552249
claude45,original,11260,0.6222222222222222,0.5526733731353448
claude45,original,1467,0.5,0.46211715726000974
claude45,original,9334,0.8333333333333334,0.6822617902381697
claude45,original,6215,0.375,0.35835739835078595
claude45,original,9418,0.8333333333333334,0.6822617902381697
claude45,original,13596,1.0,0.7615941559557649
claude45,original,4047,,
claude45,original,6847,0.9166666666666666,0.7243166860701286
claude45,original,5721,,
claude45,original,1111,,
claude45,original,7150,0.6,0.5370495669980352
claude45,original,6111,0.5333333333333333,0.487924982649516
claude45,original,515,0.9675925925925926,0.7476444630890402
claude45,original,4797,0.25,0.24491866240370913
claude45,original,8085,0.7083333333333333,0.6096306459723195
claude45,original,7596,0.5333333333333333,0.487924982649516
claude45,original,948,0.6375,0.563194927804731
claude45,original,7702,0.8166666666666667,0.6732515209732411
claude45,original,2722,,
claude45,original,10499,0.85,0.6910694698329306
claude45,large,2926,0.7,0.6043677771171634
claude45,large,8551,,
claude45,large,6847,0.9166666666666666,0.7243166860701286
claude45,large,8061,0.9301587301587301,0.7306678926822323
claude45,large,11340,0.19999999999999998,0.19737532022490398
claude45,large,3891,0.5,0.46211715726000974
claude45,large,7702,0.875,0.703905603936621
claude45,large,10408,1.0,0.7615941559557649
claude45,large,7596,0.5333333333333333,0.487924982649516
claude45,large,11260,0.65,0.5716699660851172
claude45,large,723,0.8472222222222222,0.6896155075258059
claude45,large,6729,0.4,0.3799489622552249
claude45,large,9334,0.8,0.664036770267849
claude45,large,11719,0.875,0.703905603936621
claude45,large,6111,0.5333333333333333,0.487924982649516
claude45,large,4173,0.4583333333333333,0.42872485898211177
claude45,large,2400,0.8,0.664036770267849
claude45,large,2722,,
claude45,large,5062,,
claude45,large,1214,0.6666666666666666,0.5827829453479101
claude45,large,9914,0.9666666666666667,0.7472358212839743
claude45,large,515,0.9166666666666666,0.7243166860701286
claude45,large,1467,1.0,0.7615941559557649
claude45,large,13683,0.41666666666666663,0.3941185679308145
claude45,large,6921,0.6888888888888888,0.5972677289610996
claude45,large,5047,,
claude45,large,11543,,
claude45,large,7065,0.875,0.703905603936621
claude45,large,1111,,
claude45,large,948,0.6208333333333333,0.5517079769625062
claude45,large,9418,0.8055555555555555,0.6671311848914825
claude45,large,3295,1.0,0.7615941559557649
claude45,large,7150,0.6,0.5370495669980352
claude45,large,345,0.5,0.46211715726000974
claude45,large,11678,0.7999999999999999,0.6640367702678489
claude45,large,721,0.75,0.6351489523872873
claude45,large,733,0.9,0.7162978701990245
claude45,large,7195,0.4666666666666667,0.43550211391548
claude45,large,11457,,
claude45,large,12358,,
claude45,large,13596,1.0,0.7615941559557649
claude45,large,10499,0.43333333333333335,0.40810325523432484
claude45,large,5721,,
claude45,large,5201,0.8,0.664036770267849
claude45,large,8085,0.125,0.12435300177159621
claude45,large,2702,0.26666666666666666,0.2605204458355026
claude45,large,6878,0.9333333333333333,0.7321442233518527
claude45,large,1201,,
claude45,large,5265,0.8166666666666667,0.6732515209732411
claude45,large,5540,,
claude45,large,5349,0.9,0.7162978701990245
claude45,large,6215,0.7083333333333333,0.6096306459723195
claude45,large,3761,1.0,0.7615941559557649
claude45,large,8154,0.7833333333333333,0.6546157918341109
claude45,large,12423,0.5222222222222221,0.47941330769732426
claude45,large,4797,0.5,0.46211715726000974
claude45,large,4047,,
claude45,large,11541,,
claude45,large,3230,1.0,0.7615941559557649
claude45,large,10486,0.875,0.703905603936621
gpt4o,original,2400,0.95,0.7397830512740042
gpt4o,original,1201,,
gpt4o,original,6729,0.8273809523809523,0.6790671946332343
gpt4o,original,515,0.7222222222222222,0.618283911510269
gpt4o,original,4173,0.625,0.5545997223493823
gpt4o,original,11340,0.26666666666666666,0.2605204458355026
gpt4o,original,6215,0.7083333333333333,0.6096306459723195
gpt4o,original,13596,1.0,0.7615941559557649
gpt4o,original,6847,0.9166666666666666,0.7243166860701286
gpt4o,original,3761,0.9,0.7162978701990245
gpt4o,original,723,0.7361111111111112,0.6267898358136783
gpt4o,original,13683,0.4375,0.41157005567402244
gpt4o,original,733,0.9,0.7162978701990245
gpt4o,original,11260,0.8222222222222223,0.6762775737016603
gpt4o,original,12423,0.8722222222222222,0.7025014261332673
gpt4o,original,12358,,
gpt4o,original,2926,0.36,0.3452140341355209
gpt4o,original,2722,,
gpt4o,original,6878,0.6,0.5370495669980352
gpt4o,original,10499,0.5833333333333334,0.525083943312195
gpt4o,original,10408,1.0,0.7615941559557649
gpt4o,original,345,0.9,0.7162978701990245
gpt4o,original,11678,0.6666666666666666,0.5827829453479101
gpt4o,original,721,0.9,0.7162978701990245
gpt4o,original,8085,0.9583333333333334,0.7435325248149615
gpt4o,original,10486,0.9583333333333333,0.7435325248149615
gpt4o,original,8061,0.707142857142857,0.6088820667636734
gpt4o,original,1467,0.7,0.6043677771171634
gpt4o,original,7150,0.9833333333333334,0.7545052589201566
gpt4o,original,7065,0.975,0.7508932836251672
gpt4o,original,11541,,
gpt4o,original,3891,0.9,0.7162978701990245
gpt4o,original,7195,0.3333333333333333,0.32151273753163434
gpt4o,original,6921,0.753968253968254,0.637510392144031
gpt4o,original,5540,,
gpt4o,original,8154,0.8433333333333334,0.6875705819182801
gpt4o,original,11457,,
gpt4o,original,6111,0.6444444444444444,0.567918125437042
gpt4o,original,9914,1.0,0.7615941559557649
gpt4o,original,11543,,
gpt4o,original,1214,0.5,0.46211715726000974
gpt4o,original,5721,,
gpt4o,original,5047,,
gpt4o,original,948,0.85,0.6910694698329306
gpt4o,original,5201,0.775,0.6498274636719203
gpt4o,original,3230,0.5,0.46211715726000974
gpt4o,original,4047,,
gpt4o,original,4797,0.75,0.6351489523872873
gpt4o,original,11719,0.625,0.5545997223493823
gpt4o,original,8551,,
gpt4o,original,9418,0.611111111111111,0.5449087656143676
gpt4o,original,5062,,
gpt4o,original,7596,0.8333333333333333,0.6822617902381697
gpt4o,original,7702,0.3333333333333333,0.32151273753163434
gpt4o,original,5265,0.6499999999999999,0.5716699660851171
gpt4o,original,1111,,
gpt4o,original,9334,1.0,0.7615941559557649
gpt4o,original,2702,0.4,0.3799489622552249
gpt4o,original,5349,0.8,0.664036770267849
gpt4o,original,3295,0.9333333333333332,0.7321442233518526
gpt4o,large,10486,0.9583333333333333,0.7435325248149615
gpt4o,large,7065,1.0,0.7615941559557649
gpt4o,large,3230,0.95,0.7397830512740042
gpt4o,large,345,0.775,0.6498274636719203
gpt4o,large,5062,,
gpt4o,large,723,0.875,0.703905603936621
gpt4o,large,12423,0.9555555555555556,0.742287847898755
gpt4o,large,13683,0.4375,0.41157005567402244
gpt4o,large,6215,0.9511904761904761,0.74032153039976
gpt4o,large,6878,0.9333333333333333,0.7321442233518527
gpt4o,large,9418,0.8722222222222222,0.7025014261332673
gpt4o,large,10499,0.5,0.46211715726000974
gpt4o,large,8154,0.95,0.7397830512740042
gpt4o,large,1111,,
gpt4o,large,8551,,
gpt4o,large,13596,1.0,0.7615941559557649
gpt4o,large,3295,0.9333333333333332,0.7321442233518526
gpt4o,large,6921,0.7777777777777777,0.651429357642829
gpt4o,large,2926,0.52,0.477700012168498
gpt4o,large,8085,0.9583333333333334,0.7435325248149615
gpt4o,large,2400,0.9199999999999999,0.7258974148490807
gpt4o,large,11260,0.65,0.5716699660851172
gpt4o,large,1214,1.0,0.7615941559557649
gpt4o,large,948,0.8791666666666667,0.7060015981348917
gpt4o,large,4047,,
gpt4o,large,6111,0.9333333333333332,0.7321442233518526
gpt4o,large,2722,,
gpt4o,large,5721,,
gpt4o,large,5047,,
gpt4o,large,11678,0.6666666666666666,0.5827829453479101
gpt4o,large,721,0.9166666666666666,0.7243166860701286
gpt4o,large,3761,0.8999999999999999,0.7162978701990244
gpt4o,large,1201,,
gpt4o,large,2702,0.4,0.3799489622552249
gpt4o,large,11457,,
gpt4o,large,12358,,
gpt4o,large,7150,0.9833333333333334,0.7545052589201566
gpt4o,large,7596,0.9,0.7162978701990245
gpt4o,large,5265,0.6499999999999999,0.5716699660851171
gpt4o,large,3891,0.9,0.7162978701990245
gpt4o,large,9914,0.8999999999999999,0.7162978701990244
gpt4o,large,11340,0.4,0.3799489622552249
gpt4o,large,6847,0.9166666666666666,0.7243166860701286
gpt4o,large,7702,0.3333333333333333,0.32151273753163434
gpt4o,large,11541,,
gpt4o,large,4173,0.9464285714285714,0.7381619141422254
gpt4o,large,10408,1.0,0.7615941559557649
gpt4o,large,5540,,
gpt4o,large,9334,1.0,0.7615941559557649
gpt4o,large,8061,0.9182539682539682,0.7250703670792976
gpt4o,large,5349,0.8,0.664036770267849
gpt4o,large,4797,0.8333333333333333,0.6822617902381697
gpt4o,large,5201,0.775,0.6498274636719203
gpt4o,large,515,0.6666666666666666,0.5827829453479101
gpt4o,large,11719,0.725,0.619996867969374
gpt4o,large,1467,0.7,0.6043677771171634
gpt4o,large,733,1.0,0.7615941559557649
gpt4o,large,11543,,
gpt4o,large,6729,0.7857142857142858,0.6559743341284774
gpt4o,large,7195,0.3333333333333333,0.32151273753163434
internvl3,original,1111,,
internvl3,original,3761,0.8999999999999999,0.7162978701990244
internvl3,original,6847,0.9833333333333334,0.7545052589201566
internvl3,original,13596,1.0,0.7615941559557649
internvl3,original,8085,0.6607142857142857,0.5788385707841248
internvl3,original,6878,0.9333333333333333,0.7321442233518527
internvl3,original,1201,,
internvl3,original,515,0.75,0.6351489523872873
internvl3,original,11719,0.625,0.5545997223493823
internvl3,original,11543,,
internvl3,original,345,0.9,0.7162978701990245
internvl3,original,11340,0.5,0.46211715726000974
internvl3,original,12423,0.8333333333333334,0.6822617902381697
internvl3,original,5201,0.5945238095238096,0.5331413767668636
internvl3,original,723,0.625,0.5545997223493823
internvl3,original,9914,0.39999999999999997,0.37994896225522484
internvl3,original,2702,0.9,0.7162978701990245
internvl3,original,9418,0.5,0.46211715726000974
internvl3,original,8061,0.8779100529100529,0.7053707694272101
internvl3,original,9334,1.0,0.7615941559557649
internvl3,original,5265,0.55,0.5005202111902353
internvl3,original,4797,0.6666666666666666,0.5827829453479101
internvl3,original,5540,,
internvl3,original,948,0.41666666666666663,0.3941185679308145
internvl3,original,7150,0.5388888888888889,0.49214643621151577
internvl3,original,6921,0.3333333333333333,0.32151273753163434
internvl3,original,6111,0.5333333333333333,0.487924982649516
internvl3,original,2722,,
internvl3,original,12358,,
internvl3,original,7065,0.8,0.664036770267849
internvl3,original,7702,0.0,0.0
internvl3,original,11260,0.9,0.7162978701990245
internvl3,original,11457,,
internvl3,original,4173,0.7916666666666666,0.6593521627123083
internvl3,original,13683,0.7458333333333335,0.632656596704867
internvl3,original,7596,0.8,0.664036770267849
internvl3,original,733,0.8166666666666667,0.6732515209732411
internvl3,original,7195,0.3333333333333333,0.32151273753163434
internvl3,original,10408,1.0,0.7615941559557649
internvl3,original,5349,0.4666666666666667,0.43550211391548
internvl3,original,8154,0.6733333333333333,0.5871682693574662
internvl3,original,6215,0.7083333333333333,0.6096306459723195
internvl3,original,2926,0.5599999999999999,0.5079774328978961
internvl3,original,1467,0.65,0.5716699660851172
internvl3,original,5721,,
internvl3,original,1214,0.3333333333333333,0.32151273753163434
internvl3,original,3295,0.9333333333333332,0.7321442233518526
internvl3,original,5062,,
internvl3,original,11541,,
internvl3,original,4047,,
internvl3,original,10486,0.7916666666666666,0.6593521627123083
internvl3,original,3230,0.5,0.46211715726000974
internvl3,original,11678,1.0,0.7615941559557649
internvl3,original,8551,,
internvl3,original,3891,0.6527777777777778,0.5735369783249458
internvl3,original,6729,0.0,0.0
internvl3,original,5047,,
internvl3,original,10499,0.43333333333333335,0.40810325523432484
internvl3,original,2400,0.4766666666666667,0.44357008787541335
internvl3,original,721,0.6666666666666666,0.5827829453479101
internvl3,large,5062,,
internvl3,large,10499,0.5666666666666667,0.5129070584608084
internvl3,large,9914,0.4857142857142857,0.4508083015707553
internvl3,large,345,0.9,0.7162978701990245
internvl3,large,7195,0.3666666666666667,0.35107264597890847
internvl3,large,5349,0.7666666666666666,0.6449869945758523
internvl3,large,12423,0.9222222222222222,0.726946993247756
internvl3,large,1111,,
internvl3,large,2722,,
internvl3,large,10486,0.375,0.35835739835078595
internvl3,large,6847,0.8250000000000001,0.6777821008468295
internvl3,large,515,0.6611111111111111,0.579102377598616
internvl3,large,6878,0.6,0.5370495669980352
internvl3,large,7065,0.8,0.664036770267849
internvl3,large,3891,0.375,0.35835739835078595
internvl3,large,13683,0.6708333333333333,0.5855277811098862
internvl3,large,3295,0.9166666666666666,0.7243166860701286
internvl3,large,13596,0.8571428571428571,0.694782670314738
internvl3,large,8154,0.5,0.46211715726000974
internvl3,large,12358,,
internvl3,large,1214,0.5,0.46211715726000974
internvl3,large,6111,0.7999999999999999,0.6640367702678489
internvl3,large,5201,0.5371428571428571,0.4908221709230501
internvl3,large,11457,,
internvl3,large,7702,0.0,0.0
internvl3,large,11340,0.5,0.46211715726000974
internvl3,large,5047,,
internvl3,large,6921,0.753968253968254,0.637510392144031
internvl3,large,6729,0.5,0.46211715726000974
internvl3,large,3230,0.4166666666666667,0.39411856793081457
internvl3,large,10408,0.6875,0.5963735554792423
internvl3,large,8551,,
internvl3,large,721,1.0,0.7615941559557649
internvl3,large,1201,,
internvl3,large,9418,0.2777777777777778,0.27084711851672144
internvl3,large,2400,0.6566666666666666,0.5761408171743869
internvl3,large,7596,0.8,0.664036770267849
internvl3,large,5721,,
internvl3,large,2926,0.6799999999999999,0.5915193954318164
internvl3,large,11719,0.625,0.5545997223493823
internvl3,large,11543,,
internvl3,large,3761,0.9,0.7162978701990245
internvl3,large,11260,0.8333333333333334,0.6822617902381697
internvl3,large,948,0.675,0.5882592563981054
internvl3,large,4797,0.3333333333333333,0.32151273753163434
internvl3,large,4047,,
internvl3,large,723,0.875,0.703905603936621
internvl3,large,9334,0.8571428571428571,0.694782670314738
internvl3,large,11678,0.5555555555555555,0.5046723977218567
internvl3,large,6215,0.0,0.0
internvl3,large,5540,,
internvl3,large,5265,0.4333333333333333,0.40810325523432484
internvl3,large,1467,0.8,0.664036770267849
internvl3,large,11541,,
internvl3,large,8061,0.9043650793650794,0.7184166648386217
internvl3,large,8085,0.5625,0.5098299737352565
internvl3,large,4173,0.675,0.5882592563981054
internvl3,large,733,0.8166666666666667,0.6732515209732411
internvl3,large,2702,0.9,0.7162978701990245
internvl3,large,7150,0.65,0.5716699660851172
llama4scout,original,5540,,
llama4scout,original,5201,0.125,0.12435300177159621
llama4scout,original,10408,0.3333333333333333,0.32151273753163434
llama4scout,original,2400,0.3,0.2913126124515909
llama4scout,original,6215,0.0,0.0
llama4scout,original,6921,0.0,0.0
llama4scout,original,5047,,
llama4scout,original,11543,,
llama4scout,original,12423,0.0,0.0
llama4scout,original,1467,0.0,0.0
llama4scout,original,733,0.8166666666666667,0.6732515209732411
llama4scout,original,5349,0.0,0.0
llama4scout,original,515,0.7962962962962963,0.6619611001698975
llama4scout,original,4173,0.0,0.0
llama4scout,original,10499,0.5,0.46211715726000974
llama4scout,original,2926,0.0,0.0
llama4scout,original,8551,,
llama4scout,original,9418,0.0,0.0
llama4scout,original,11678,0.0,0.0
llama4scout,original,7596,0.0,0.0
llama4scout,original,3761,0.0,0.0
llama4scout,original,7195,0.0,0.0
llama4scout,original,3891,0.0,0.0
llama4scout,original,721,0.0,0.0
llama4scout,original,4797,0.0,0.0
llama4scout,original,13683,0.6458333333333334,0.5688583124069128
llama4scout,original,11541,,
llama4scout,original,5062,,
llama4scout,original,1201,,
llama4scout,original,11260,0.7888888888888889,0.657779133687006
llama4scout,original,6111,0.0,0.0
llama4scout,original,7702,0.0,0.0
llama4scout,original,5721,,
llama4scout,original,4047,,
llama4scout,original,345,0.0,0.0
llama4scout,original,7065,0.0,0.0
llama4scout,original,3230,0.0,0.0
llama4scout,original,13596,0.0,0.0
llama4scout,original,2702,0.0,0.0
llama4scout,original,12358,,
llama4scout,original,723,0.0,0.0
llama4scout,original,1214,0.0,0.0
llama4scout,original,8154,0.95,0.7397830512740042
llama4scout,original,948,0.8291666666666666,0.6800282919964505
llama4scout,original,10486,0.375,0.35835739835078595
llama4scout,original,9334,0.0,0.0
llama4scout,original,8085,0.0,0.0
llama4scout,original,7150,0.0,0.0
llama4scout,original,2722,,
llama4scout,original,11719,0.0,0.0
llama4scout,original,6729,0.0,0.0
llama4scout,original,5265,0.0,0.0
llama4scout,original,1111,,
llama4scout,original,11340,0.0,0.0
llama4scout,original,3295,0.0,0.0
llama4scout,original,11457,,
llama4scout,original,8061,0.5988095238095238,0.5362019090688223
llama4scout,original,6847,0.0,0.0
llama4scout,original,6878,0.0,0.0
llama4scout,original,9914,0.0,0.0
llama4scout,large,2400,0.2,0.197375320224904
llama4scout,large,5062,,
llama4scout,large,1214,0.35,0.3363755443363322
llama4scout,large,515,0.7138047138047138,0.6130571272006384
llama4scout,large,11340,0.3333333333333333,0.32151273753163434
llama4scout,large,10499,0.0,0.0
llama4scout,large,9334,0.0,0.0
llama4scout,large,5201,0.09318181818181819,0.09291305696685917
llama4scout,large,6111,0.0,0.0
llama4scout,large,2926,0.0,0.0
llama4scout,large,2702,0.0,0.0
llama4scout,large,1111,,
llama4scout,large,948,0.25,0.24491866240370913
llama4scout,large,345,0.9,0.7162978701990245
llama4scout,large,721,0.0,0.0
llama4scout,large,8085,0.375,0.35835739835078595
llama4scout,large,4797,0.5,0.46211715726000974
llama4scout,large,1467,1.0,0.7615941559557649
llama4scout,large,3761,0.0,0.0
llama4scout,large,11260,0.9444444444444445,0.7372575809383864
llama4scout,large,4047,,
llama4scout,large,6878,0.6,0.5370495669980352
llama4scout,large,7596,0.0,0.0
llama4scout,large,6729,0.0,0.0
llama4scout,large,5349,0.4,0.3799489622552249
llama4scout,large,10486,0.7916666666666667,0.6593521627123083
llama4scout,large,7150,0.0,0.0
llama4scout,large,9418,0.0,0.0
llama4scout,large,11543,,
llama4scout,large,8154,0.7566666666666666,0.6391093627665675
llama4scout,large,3230,0.25,0.24491866240370913
llama4scout,large,3891,0.8166666666666667,0.6732515209732411
llama4scout,large,4173,0.425,0.4011342849479459
llama4scout,large,11541,,
llama4scout,large,7195,0.3333333333333333,0.32151273753163434
llama4scout,large,5265,0.45,0.4218990052500079
llama4scout,large,7065,0.8,0.664036770267849
llama4scout,large,11457,,
llama4scout,large,2722,,
llama4scout,large,11719,0.0,0.0
llama4scout,large,3295,0.7666666666666666,0.6449869945758523
llama4scout,large,723,0.625,0.5545997223493823
llama4scout,large,733,0.0,0.0
llama4scout,large,5540,,
llama4scout,large,6215,0.0,0.0
llama4scout,large,12358,,
llama4scout,large,5047,,
llama4scout,large,6921,0.0,0.0
llama4scout,large,13683,0.0,0.0
llama4scout,large,6847,0.8222222222222223,0.6762775737016603
llama4scout,large,11678,0.3333333333333333,0.32151273753163434
llama4scout,large,8551,,
llama4scout,large,10408,0.5541666666666667,0.5036365254057835
llama4scout,large,1201,,
llama4scout,large,9914,0.0,0.0
llama4scout,large,7702,0.5,0.46211715726000974
llama4scout,large,13596,1.0,0.7615941559557649
llama4scout,large,8061,0.8873015873015873,0.710058374473723
llama4scout,large,12423,0.26666666666666666,0.2605204458355026
llama4scout,large,5721,,
qwen3vl,original,733,0.9,0.7162978701990245
qwen3vl,original,8154,0.55,0.5005202111902353
qwen3vl,original,3230,0.95,0.7397830512740042
qwen3vl,original,6921,0.8373015873015873,0.6843771585576184
qwen3vl,original,10499,0.25,0.24491866240370913
qwen3vl,original,7195,0.5,0.46211715726000974
qwen3vl,original,8085,0.9583333333333334,0.7435325248149615
qwen3vl,original,1214,0.5,0.46211715726000974
qwen3vl,original,6111,0.8666666666666667,0.6996765874203054
qwen3vl,original,11260,0.85,0.6910694698329306
qwen3vl,original,6729,0.6133333333333333,0.546469261066776
qwen3vl,original,11541,,
qwen3vl,original,6215,0.9273809523809524,0.7293704726476444
qwen3vl,original,2702,0.4,0.3799489622552249
qwen3vl,original,345,0.75,0.6351489523872873
qwen3vl,original,723,0.8472222222222222,0.6896155075258059
qwen3vl,original,11543,,
qwen3vl,original,11340,0.3333333333333333,0.32151273753163434
qwen3vl,original,2722,,
qwen3vl,original,7596,0.8333333333333333,0.6822617902381697
qwen3vl,original,5540,,
qwen3vl,original,12423,0.8666666666666667,0.6996765874203054
qwen3vl,original,5265,0.6499999999999999,0.5716699660851171
qwen3vl,original,3295,1.0,0.7615941559557649
qwen3vl,original,8061,0.813095238095238,0.6712942073169196
qwen3vl,original,9914,0.8,0.664036770267849
qwen3vl,original,515,0.8571428571428572,0.694782670314738
qwen3vl,original,9418,0.5833333333333334,0.525083943312195
qwen3vl,original,7065,0.8999999999999999,0.7162978701990244
qwen3vl,original,5201,0.775,0.6498274636719203
qwen3vl,original,3891,0.5,0.46211715726000974
qwen3vl,original,13683,0.8333333333333333,0.6822617902381697
qwen3vl,original,11678,0.9333333333333332,0.7321442233518526
qwen3vl,original,5721,,
qwen3vl,original,3761,0.5,0.46211715726000974
qwen3vl,original,4797,0.6666666666666666,0.5827829453479101
qwen3vl,original,8551,,
qwen3vl,original,4047,,
qwen3vl,original,5349,1.0,0.7615941559557649
qwen3vl,original,6878,0.8,0.664036770267849
qwen3vl,original,7150,0.6,0.5370495669980352
qwen3vl,original,9334,0.8333333333333334,0.6822617902381697
qwen3vl,original,10486,0.875,0.703905603936621
qwen3vl,original,7702,0.5555555555555555,0.5046723977218567
qwen3vl,original,11457,,
qwen3vl,original,5047,,
qwen3vl,original,948,0.7666666666666666,0.6449869945758523
qwen3vl,original,2926,0.5,0.46211715726000974
qwen3vl,original,5062,,
qwen3vl,original,721,0.9166666666666666,0.7243166860701286
qwen3vl,original,2400,0.75,0.6351489523872873
qwen3vl,original,6847,0.47222222222222215,0.4399930792892351
qwen3vl,original,1467,0.7,0.6043677771171634
qwen3vl,original,4173,0.9821428571428572,0.753992034108942
qwen3vl,original,1111,,
qwen3vl,original,12358,,
qwen3vl,original,1201,,
qwen3vl,original,11719,0.925,0.7282542059818115
qwen3vl,original,13596,1.0,0.7615941559557649
qwen3vl,original,10408,0.6666666666666666,0.5827829453479101
qwen3vl,large,1201,,
qwen3vl,large,11541,,
qwen3vl,large,7195,0.5,0.46211715726000974
qwen3vl,large,3891,0.5,0.46211715726000974
qwen3vl,large,733,0.9,0.7162978701990245
qwen3vl,large,8154,0.5833333333333333,0.5250839433121949
qwen3vl,large,515,0.8888888888888888,0.7108444990682454
qwen3vl,large,10499,0.5499999999999999,0.5005202111902352
qwen3vl,large,10486,0.9583333333333333,0.7435325248149615
qwen3vl,large,5062,,
qwen3vl,large,5721,,
qwen3vl,large,5265,0.6499999999999999,0.5716699660851171
qwen3vl,large,2400,0.75,0.6351489523872873
qwen3vl,large,3761,0.7,0.6043677771171634
qwen3vl,large,3295,0.9333333333333332,0.7321442233518526
qwen3vl,large,8061,0.8825396825396825,0.7076893483244703
qwen3vl,large,9914,0.4666666666666667,0.43550211391548
qwen3vl,large,7065,0.8999999999999999,0.7162978701990244
qwen3vl,large,721,0.65,0.5716699660851172
qwen3vl,large,5047,,
qwen3vl,large,4047,,
qwen3vl,large,12358,,
qwen3vl,large,9334,0.8333333333333334,0.6822617902381697
qwen3vl,large,6878,0.8,0.664036770267849
qwen3vl,large,948,0.8875,0.7101567370243542
qwen3vl,large,7150,0.6,0.5370495669980352
qwen3vl,large,1467,0.7,0.6043677771171634
qwen3vl,large,9418,0.8333333333333334,0.6822617902381697
qwen3vl,large,2722,,
qwen3vl,large,5201,0.775,0.6498274636719203
qwen3vl,large,11457,,
qwen3vl,large,2702,0.9,0.7162978701990245
qwen3vl,large,11543,,
qwen3vl,large,6215,0.875,0.703905603936621
qwen3vl,large,13683,0.6375,0.563194927804731
qwen3vl,large,11719,0.825,0.6777821008468294
qwen3vl,large,11678,0.4666666666666666,0.43550211391547994
qwen3vl,large,7596,0.5666666666666667,0.5129070584608084
qwen3vl,large,11340,0.6,0.5370495669980352
qwen3vl,large,4173,0.925,0.7282542059818115
qwen3vl,large,6921,0.7777777777777777,0.651429357642829
qwen3vl,large,6729,0.4,0.3799489622552249
qwen3vl,large,12423,0.9333333333333332,0.7321442233518526
qwen3vl,large,8551,,
qwen3vl,large,11260,0.8666666666666667,0.6996765874203054
qwen3vl,large,3230,1.0,0.7615941559557649
qwen3vl,large,2926,0.5,0.46211715726000974
qwen3vl,large,8085,0.9583333333333334,0.7435325248149615
qwen3vl,large,10408,1.0,0.7615941559557649
qwen3vl,large,345,1.0,0.7615941559557649
qwen3vl,large,5349,0.9,0.7162978701990245
qwen3vl,large,7702,0.8333333333333333,0.6822617902381697
qwen3vl,large,5540,,
qwen3vl,large,6847,0.9166666666666666,0.7243166860701286
qwen3vl,large,1214,0.5,0.46211715726000974
qwen3vl,large,1111,,
qwen3vl,large,723,0.875,0.703905603936621
qwen3vl,large,4797,0.0,0.0
qwen3vl,large,6111,0.4888888888888889,0.45333411282706637
qwen3vl,large,13596,1.0,0.7615941559557649
