model,prompt,story_id,character_name,CharTr,CharRe,char_coherence
human,original,13683,bill,1.0,1.0,0.9999999900000002
human,original,13683,tom,1.0,1.0,0.9999999900000002
human,original,13596,__NO_CHARACTER_MATCH__,,,
human,original,12423,jeff,0.4,0.8,0.49999999375000004
human,original,12423,matt,0.4,0.4,0.9999999750000006
human,original,12358,__NO_ANNOTATION__,,,
human,original,11719,billy,0.25,0.75,0.33333332888888895
human,original,11719,shia,0.75,0.75,0.9999999866666668
human,original,11678,paul,0.5,1.0,0.4999999950000001
human,original,11543,__NO_ANNOTATION__,,,
human,original,11541,__NO_ANNOTATION__,,,
human,original,11457,__NO_ANNOTATION__,,,
human,original,11340,christoph,1.0,1.0,0.9999999900000002
human,original,11260,colin,0.75,0.75,0.9999999866666668
human,original,11260,jamie,1.0,1.0,0.9999999900000002
human,original,10499,al,0.0,0.0,0.0
human,original,10499,robert,0.0,0.75,0.0
human,original,10486,robert,0.0,0.0,0.0
human,original,10486,val,1.0,1.0,0.9999999900000002
human,original,10408,ashton,0.2,0.2,0.9999999500000025
human,original,10408,greta,0.4,0.4,0.9999999750000006
human,original,10408,jake,0.2,0.2,0.9999999500000025
human,original,10408,natalie,0.2,0.2,0.9999999500000025
human,original,9914,matthew,0.5,1.0,0.4999999950000001
human,original,9914,reese,1.0,1.0,0.9999999900000002
human,original,9418,daniel,0.4,0.8,0.49999999375000004
human,original,9418,john,0.0,0.0,0.0
human,original,9334,harrison,0.6,1.0,0.599999994
human,original,8551,__NO_ANNOTATION__,,,
human,original,8154,angelina,0.4,0.4,0.9999999750000006
human,original,8154,fisher,0.2,0.2,0.9999999500000025
human,original,8154,jonny,0.8,0.8,0.9999999875000001
human,original,8154,matthew,0.8,0.8,0.9999999875000001
human,original,8154,renoly,0.8,0.8,0.9999999875000001
human,original,8085,brooke,0.2,0.2,0.9999999500000025
human,original,8085,linda,0.4,0.4,0.9999999750000006
human,original,8085,richard,0.2,0.2,0.9999999500000025
human,original,8085,sam,0.2,1.0,0.19999999800000004
human,original,8061,ellen,0.14285714285714285,1.0,0.14285714142857145
human,original,8061,leonardo,0.2857142857142857,0.5714285714285714,0.4999999912500001
human,original,8061,robert,0.8571428571428571,0.8571428571428571,0.9999999883333334
human,original,7702,jude,0.75,0.75,0.9999999866666668
human,original,7702,nicole,0.5,0.5,0.9999999800000003
human,original,7596,kevin,0.6,1.0,0.599999994
human,original,7596,william,0.8,0.8,0.9999999875000001
human,original,7195,jennifer,0.5,1.0,0.4999999950000001
human,original,7150,david,0.0,0.0,0.0
human,original,7150,eric,0.25,0.75,0.33333332888888895
human,original,7150,mark,0.25,0.25,0.9999999600000016
human,original,7065,jude,0.5,1.0,0.4999999950000001
human,original,7065,matt,0.25,0.75,0.33333332888888895
human,original,6921,jude,0.3333333333333333,1.0,0.33333333000000004
human,original,6921,matt,0.8333333333333334,0.8333333333333334,0.9999999880000001
human,original,6921,philip,0.3333333333333333,1.0,0.33333333000000004
human,original,6878,__NO_CHARACTER_MATCH__,,,
human,original,6847,ben,1.0,1.0,0.9999999900000002
human,original,6847,lin,0.0,0.5,0.0
human,original,6729,martin,0.0,0.0,0.0
human,original,6215,jason,0.0,0.3333333333333333,0.0
human,original,6215,nick,0.16666666666666666,0.5,0.33333332666666676
human,original,6111,jason,0.0,1.0,0.0
human,original,6111,nick,0.25,0.25,0.9999999600000016
human,original,5721,__NO_ANNOTATION__,,,
human,original,5540,__NO_ANNOTATION__,,,
human,original,5349,james,0.0,0.4,0.0
human,original,5349,kim,0.2,0.2,0.9999999500000025
human,original,5265,amy,0.5,1.0,0.4999999950000001
human,original,5265,christian,1.0,1.0,0.9999999900000002
human,original,5201,brian,0.8888888888888888,0.8888888888888888,0.9999999887500001
human,original,5201,joan,0.7777777777777778,0.7777777777777778,0.9999999871428572
human,original,5201,julia,0.0,0.4444444444444444,0.0
human,original,5201,matt,0.3333333333333333,0.5555555555555556,0.5999999892000001
human,original,5062,__NO_ANNOTATION__,,,
human,original,5047,__NO_ANNOTATION__,,,
human,original,4797,rene,0.25,0.25,0.9999999600000016
human,original,4797,roger,0.25,0.25,0.9999999600000016
human,original,4173,heath,0.0,0.7142857142857143,0.0
human,original,4173,mel,0.2857142857142857,0.5714285714285714,0.4999999912500001
human,original,4047,__NO_ANNOTATION__,,,
human,original,3891,robert,0.25,0.25,0.9999999600000016
human,original,3891,val,0.5,1.0,0.4999999950000001
human,original,3761,jeff,0.5,1.0,0.4999999950000001
human,original,3761,jim,1.0,1.0,0.9999999900000002
human,original,3295,dane,0.5,1.0,0.4999999950000001
human,original,3295,demi,0.25,0.75,0.33333332888888895
human,original,3230,jean,0.0,0.75,0.0
human,original,3230,tom,0.75,0.75,0.9999999866666668
human,original,2926,jeff,0.5,0.5,0.9999999800000003
human,original,2926,jim,1.0,1.0,0.9999999900000002
human,original,2722,__NO_ANNOTATION__,,,
human,original,2702,ben,1.0,1.0,0.9999999900000002
human,original,2400,audrey,0.5,0.5,0.9999999800000003
human,original,2400,cary,0.5,0.5,0.9999999800000003
human,original,2400,george,0.5,1.0,0.4999999950000001
human,original,2400,jacques,0.25,0.75,0.33333332888888895
human,original,1467,anthony,0.5,0.5,0.9999999800000003
human,original,1467,rosario,0.25,0.25,0.9999999600000016
human,original,1214,jack,0.6,1.0,0.599999994
human,original,1201,__NO_ANNOTATION__,,,
human,original,1111,__NO_ANNOTATION__,,,
human,original,948,natalie,1.0,1.0,0.9999999900000002
human,original,948,vincent,0.25,0.25,0.9999999600000016
human,original,733,gary,1.0,1.0,0.9999999900000002
human,original,733,jennifer,0.6,1.0,0.599999994
human,original,723,james,0.5555555555555556,1.0,0.5555555500000001
human,original,721,denzel,0.75,0.75,0.9999999866666668
human,original,721,gary,0.0,0.0,0.0
human,original,721,mila,1.0,1.0,0.9999999900000002
human,original,721,tom,0.0,0.0,0.0
human,original,515,bradley,0.0,0.3333333333333333,0.0
human,original,515,christian,0.7777777777777778,1.0,0.7777777700000001
human,original,515,shea,1.0,1.0,0.9999999900000002
human,original,345,connie,0.25,0.75,0.33333332888888895
human,original,345,john,0.25,0.25,0.9999999600000016
human,large,345,connie,0.9166666666666666,0.9166666666666666,0.999999988888889
human,large,345,john,0.5,0.6666666666666666,0.7777777596296302
human,large,515,bradley,0.16666666666666666,0.375,0.4285714141496604
human,large,515,christian,0.6666666666666666,0.9166666666666666,0.7380952298979593
human,large,515,shea,0.5,0.9166666666666666,0.5357142799489797
human,large,721,denzel,0.4166666666666667,0.5833333333333334,0.8333333116666672
human,large,721,gary,0.08333333333333333,0.25,0.11111110962962965
human,large,721,mila,0.125,0.375,0.16666666444444447
human,large,721,tom,0.16666666666666666,0.3333333333333333,0.44444442962963016
human,large,723,james,1.0,1.0,0.9999999900000002
human,large,733,gary,0.8666666666666667,1.0,0.8666666580000001
human,large,733,jennifer,0.8666666666666667,1.0,0.8666666580000001
human,large,948,benjamin,0.5,0.5,0.9999999800000003
human,large,948,ksenia,0.0,0.0,0.0
human,large,948,natalie,0.8333333333333334,1.0,0.8333333250000002
human,large,948,vincent,0.5,0.75,0.6666666577777779
human,large,1111,__NO_ANNOTATION__,,,
human,large,1201,__NO_ANNOTATION__,,,
human,large,1214,__NO_CHARACTER_MATCH__,,,
human,large,1214,jack,0.7,1.0,0.6999999930000002
human,large,1467,__NO_CHARACTER_MATCH__,,,
human,large,1467,anthony,0.625,0.625,0.9999999833333335
human,large,1467,rosario,0.125,0.375,0.16666666444444447
human,large,2400,__NO_CHARACTER_MATCH__,,,
human,large,2400,audrey,0.375,0.625,0.6666666544444446
human,large,2400,cary,0.375,0.625,0.6666666544444446
human,large,2400,george,0.75,1.0,0.7499999925000002
human,large,2400,jacques,0.5,0.75,0.6666666577777779
human,large,2400,ned,0.0,0.0,0.0
human,large,2702,ben,0.8000000000000002,0.8000000000000002,0.9999999875000002
human,large,2702,cameron,0.1,0.4,0.12499999843750001
human,large,2722,__NO_ANNOTATION__,,,
human,large,2926,charles,0.0,0.375,0.0
human,large,2926,jeff,0.5833333333333334,0.9166666666666666,0.666666658888889
human,large,2926,jim,0.8333333333333334,1.0,0.8333333250000002
human,large,2926,karen,0.08333333333333333,0.25,0.11111110962962965
human,large,3230,__NO_CHARACTER_MATCH__,,,
human,large,3230,jean,0.5,0.75,0.6666666577777779
human,large,3230,tom,0.625,0.625,0.9999999750000008
human,large,3295,__NO_CHARACTER_MATCH__,,,
human,large,3295,dane,1.0,1.0,0.9999999900000002
human,large,3295,demi,0.5,0.75,0.7499999875000002
human,large,3295,ruben,0.5,0.5,0.9999999800000003
human,large,3761,jeff,0.8333333333333334,1.0,0.8333333250000002
human,large,3761,jim,0.8333333333333334,1.0,0.8333333250000002
human,large,3891,robert,0.0,0.0,0.0
human,large,3891,val,0.375,0.625,0.7499999775000008
human,large,4047,__NO_ANNOTATION__,,,
human,large,4173,__NO_CHARACTER_MATCH__,,,
human,large,4173,heath,0.07142857142857142,0.7857142857142857,0.08333333236111112
human,large,4173,mel,0.5714285714285714,0.8571428571428571,0.666666658888889
human,large,4797,__NO_CHARACTER_MATCH__,,,
human,large,4797,rene,0.125,0.125,0.4999999800000008
human,large,4797,roger,0.0,0.0,0.0
human,large,5047,__NO_ANNOTATION__,,,
human,large,5062,__NO_ANNOTATION__,,,
human,large,5201,brian,0.2916666666666667,0.5833333333333334,0.3194444408796297
human,large,5201,joan,0.375,0.875,0.4285714236734694
human,large,5201,julia,0.3333333333333333,0.5833333333333334,0.5499999908666667
human,large,5201,matt,0.4583333333333333,0.7083333333333334,0.6269841179667424
human,large,5201,tom,0.0,0.0,0.0
human,large,5265,amy,0.6666666666666666,1.0,0.6666666600000001
human,large,5265,christian,0.6666666666666666,0.8333333333333334,0.7777777685185185
human,large,5349,james,0.5499999999999999,0.75,0.7999999820000007
human,large,5349,kim,0.75,0.75,0.9999999800000007
human,large,5540,__NO_ANNOTATION__,,,
human,large,5721,__NO_ANNOTATION__,,,
human,large,6111,dexter,0.16666666666666666,0.5,0.33333332666666676
human,large,6111,jason,0.5,1.0,0.4999999950000001
human,large,6111,nick,0.375,0.625,0.7499999775000008
human,large,6215,jason,0.3,0.6555555555555556,0.3666666621833334
human,large,6215,nick,0.3833333333333333,0.3833333333333333,0.9999999616666686
human,large,6729,albert,0.0,0.0,0.0
human,large,6729,frederic,0.08333333333333333,0.16666666666666666,0.16666666333333338
human,large,6729,laurence,0.0,0.3125,0.0
human,large,6729,martin,0.041666666666666664,0.125,0.11111110814814823
human,large,6729,sam,0.0,0.0,0.0
human,large,6847,ben,1.0,1.0,0.9999999900000002
human,large,6847,cameron,0.16666666666666666,0.4166666666666667,0.33333332666666676
human,large,6847,lin,0.16666666666666666,0.5,0.44444442962963016
human,large,6878,__NO_CHARACTER_MATCH__,,,
human,large,6878,robert,0.5,1.0,0.4999999950000001
human,large,6921,jude,0.25,0.9166666666666667,0.24999999750000004
human,large,6921,matt,0.7777777777777778,0.888888888888889,0.8666666569333334
human,large,6921,philip,0.0,0.8333333333333334,0.0
human,large,7065,jude,0.8333333333333334,1.0,0.8333333250000002
human,large,7065,matt,0.75,0.9166666666666666,0.7777777696296297
human,large,7150,david,0.3333333333333333,0.3333333333333333,0.6666666488888895
human,large,7150,eric,0.75,0.75,0.9999999800000007
human,large,7150,mark,0.25,0.25,0.33333332888888895
human,large,7195,gerard,0.75,0.9166666666666666,0.833333323888889
human,large,7195,jennifer,0.4166666666666667,0.75,0.5555555481481482
human,large,7596,kevin,0.7333333333333334,0.7333333333333334,0.999999984166667
human,large,7596,william,0.2,0.8,0.24999999687500002
human,large,7702,jude,0.75,0.75,0.9999999866666668
human,large,7702,nicole,0.5,0.5,0.9999999800000005
human,large,8061,ellen,0.3333333333333333,0.9047619047619048,0.35238094859047625
human,large,8061,leonardo,0.38095238095238093,0.4761904761904762,0.6666666542222225
human,large,8061,robert,0.4761904761904762,0.8095238095238096,0.5333333272000002
human,large,8085,brooke,0.2,0.4,0.24999999687500002
human,large,8085,linda,0.4666666666666666,0.6,0.8333333173611114
human,large,8085,richard,0.3,0.5,0.299999997
human,large,8085,sam,0.3333333333333333,0.4666666666666666,0.866666631333335
human,large,8154,angelina,0.39999999999999997,0.5333333333333333,0.7777777620370373
human,large,8154,fisher,0.20000000000000004,0.3333333333333333,0.7777777425925944
human,large,8154,jonny,0.2,0.4,0.4999999875000003
human,large,8154,matthew,0.4,0.4,0.9999999750000006
human,large,8551,__NO_ANNOTATION__,,,
human,large,9334,harrison,1.0,1.0,0.9999999900000002
human,large,9418,daniel,0.5666666666666667,0.8333333333333334,0.7333333226666667
human,large,9418,gary,0.1,0.4,0.49999997500000126
human,large,9418,john,0.6,0.6,0.9999999833333335
human,large,9914,matthew,0.125,0.125,0.4999999800000008
human,large,9914,reese,1.0,1.0,0.9999999900000002
human,large,10408,ashton,0.3333333333333333,0.5333333333333333,0.41666666145833336
human,large,10408,greta,0.5,0.6666666666666666,0.8333333177777781
human,large,10408,jake,0.43333333333333335,0.7999999999999999,0.6333333220000003
human,large,10408,natalie,0.8,0.8,0.9999999875000001
human,large,10486,robert,0.0,0.13333333333333333,0.0
human,large,10486,val,0.5333333333333333,1.0,0.533333328
human,large,10499,al,0.5833333333333334,0.75,0.8333333150000005
human,large,10499,robert,0.625,0.875,0.6666666594444446
human,large,10499,val,0.0,0.5,0.0
human,large,11260,colin,0.8333333333333334,0.8333333333333334,0.999999987777778
human,large,11260,jamie,1.0,1.0,0.9999999900000002
human,large,11260,john,1.0,1.0,0.9999999900000002
human,large,11340,brad,0.8333333333333334,0.8333333333333334,0.999999987777778
human,large,11340,christoph,1.0,1.0,0.9999999900000002
human,large,11457,__NO_ANNOTATION__,,,
human,large,11541,__NO_ANNOTATION__,,,
human,large,11543,__NO_ANNOTATION__,,,
human,large,11678,__NO_CHARACTER_MATCH__,,,
human,large,11678,karen,0.0,0.0,0.0
human,large,11678,paul,0.5,0.5,0.9999999800000003
human,large,11678,wolf,1.0,1.0,0.9999999900000002
human,large,11719,billy,0.9166666666666666,0.9166666666666666,0.999999988888889
human,large,11719,shia,1.0,1.0,0.9999999900000002
human,large,12358,__NO_ANNOTATION__,,,
human,large,12423,hailee,0.2,0.2,0.9999999500000025
human,large,12423,jeff,0.7999999999999999,0.9333333333333332,0.8333333245833335
human,large,12423,matt,0.4000000000000001,0.8000000000000002,0.4999999937500001
human,large,13596,emile,1.0,1.0,0.9999999900000002
human,large,13683,bill,0.7999999999999999,0.9333333333333332,0.8666666571666668
human,large,13683,christian,0.0,0.0,0.0
human,large,13683,terence,0.0,0.0,0.0
human,large,13683,tom,0.8666666666666667,1.0,0.8666666580000001
claude45,original,5349,james,0.5,0.5,0.9999999800000003
claude45,original,5349,kim,0.0,0.0,0.0
claude45,original,6921,jude,0.16666666666666666,0.16666666666666666,0.9999999400000036
claude45,original,6921,matt,0.0,0.0,0.0
claude45,original,6921,philip,0.16666666666666666,1.0,0.16666666500000002
claude45,original,7065,jude,0.25,0.75,0.33333332888888895
claude45,original,7065,matt,0.5,1.0,0.4999999950000001
claude45,original,1201,__NO_ANNOTATION__,,,
claude45,original,9914,matthew,0.0,0.0,0.0
claude45,original,9914,reese,0.0,1.0,0.0
claude45,original,11678,wolf,0.75,0.75,0.9999999866666668
claude45,original,345,connie,0.25,0.25,0.9999999600000016
claude45,original,345,john,0.25,0.25,0.9999999600000016
claude45,original,721,denzel,0.25,0.25,0.9999999600000016
claude45,original,721,mila,0.0,0.0,0.0
claude45,original,7195,gerard,0.5,1.0,0.4999999950000001
claude45,original,7195,jennifer,0.5,1.0,0.4999999950000001
claude45,original,2400,audrey,0.5,0.5,0.9999999800000003
claude45,original,2400,cary,0.25,0.25,0.9999999600000016
claude45,original,2400,george,0.25,0.25,0.9999999600000016
claude45,original,2400,jacques,0.25,0.75,0.33333332888888895
claude45,original,3761,jeff,1.0,1.0,0.9999999900000002
claude45,original,3761,jim,1.0,1.0,0.9999999900000002
claude45,original,5540,__NO_ANNOTATION__,,,
claude45,original,3295,dane,0.5,1.0,0.4999999950000001
claude45,original,3295,demi,0.25,0.25,0.9999999600000016
claude45,original,1214,jack,0.0,1.0,0.0
claude45,original,723,james,0.3333333333333333,1.0,0.33333333000000004
claude45,original,5062,__NO_ANNOTATION__,,,
claude45,original,6878,robert,0.0,1.0,0.0
claude45,original,6729,frederic,0.125,0.125,0.9999999200000065
claude45,original,6729,laurence,0.0,0.0,0.0
claude45,original,6729,sam,0.0,0.75,0.0
claude45,original,8061,ellen,0.14285714285714285,1.0,0.14285714142857145
claude45,original,8061,leonardo,0.14285714285714285,0.7142857142857143,0.1999999972
claude45,original,8061,robert,0.2857142857142857,0.8571428571428571,0.3333333294444445
claude45,original,11719,billy,1.0,1.0,0.9999999900000002
claude45,original,11719,shia,0.5,1.0,0.4999999950000001
claude45,original,12358,__NO_ANNOTATION__,,,
claude45,original,12423,hailee,0.2,0.2,0.9999999500000025
claude45,original,12423,jeff,0.4,0.8,0.49999999375000004
claude45,original,12423,matt,0.0,0.0,0.0
claude45,original,5047,__NO_ANNOTATION__,,,
claude45,original,13683,bill,0.6,0.6,0.9999999833333335
claude45,original,13683,tom,0.2,0.6,0.33333332777777785
claude45,original,5201,brian,0.0,1.0,0.0
claude45,original,5201,joan,0.125,0.875,0.1428571412244898
claude45,original,5201,julia,0.25,0.625,0.39999999360000005
claude45,original,5201,matt,0.0,0.5,0.0
claude45,original,5201,tom,0.0,0.375,0.0
claude45,original,3891,robert,0.0,0.0,0.0
claude45,original,8551,__NO_ANNOTATION__,,,
claude45,original,2926,charles,0.5,1.0,0.4999999950000001
claude45,original,2926,jeff,0.5,1.0,0.4999999950000001
claude45,original,2926,karen,0.0,0.75,0.0
claude45,original,3230,emmanuelle,0.0,0.0,0.0
claude45,original,3230,jean,0.75,0.75,0.9999999866666668
claude45,original,3230,tom,0.0,0.75,0.0
claude45,original,733,gary,0.6,1.0,0.599999994
claude45,original,733,jennifer,0.4,0.4,0.9999999750000006
claude45,original,4173,heath,0.0,0.0,0.0
claude45,original,4173,mel,0.2857142857142857,0.5714285714285714,0.4999999912500001
claude45,original,10408,ashton,0.2,0.2,0.9999999500000025
claude45,original,10408,greta,0.6,0.6,0.9999999833333335
claude45,original,10408,jake,0.6,0.6,0.9999999833333335
claude45,original,8154,angelina,0.25,0.75,0.33333332888888895
claude45,original,8154,fisher,0.0,0.0,0.0
claude45,original,8154,jonny,0.5,0.5,0.9999999800000003
claude45,original,8154,matthew,0.0,0.0,0.0
claude45,original,8154,renoly,0.0,0.0,0.0
claude45,original,5265,amy,0.5,1.0,0.4999999950000001
claude45,original,5265,christian,0.25,0.75,0.33333332888888895
claude45,original,11340,christoph,0.0,0.0,0.0
claude45,original,11340,daniel,0.75,0.75,0.9999999866666668
claude45,original,10486,robert,0.2,0.2,0.9999999500000025
claude45,original,11541,__NO_ANNOTATION__,,,
claude45,original,11543,__NO_ANNOTATION__,,,
claude45,original,11457,__NO_ANNOTATION__,,,
claude45,original,2702,ben,0.8,0.8,0.9999999875000001
claude45,original,11260,colin,1.0,1.0,0.9999999900000002
claude45,original,11260,jamie,0.0,0.5,0.0
claude45,original,11260,john,0.0,0.5,0.0
claude45,original,1467,rosario,1.0,1.0,0.9999999900000002
claude45,original,9334,harrison,0.6,1.0,0.599999994
claude45,original,6215,nick,0.0,0.0,0.0
claude45,original,9418,daniel,0.2,1.0,0.19999999800000004
claude45,original,9418,gary,0.2,0.6,0.33333332777777785
claude45,original,9418,john,0.0,0.0,0.0
claude45,original,13596,emile,1.0,1.0,0.9999999900000002
claude45,original,4047,__NO_ANNOTATION__,,,
claude45,original,6847,ben,0.75,0.75,0.9999999866666668
claude45,original,6847,cameron,0.25,0.25,0.9999999600000016
claude45,original,6847,lin,0.5,0.5,0.9999999800000003
claude45,original,5721,__NO_ANNOTATION__,,,
claude45,original,1111,__NO_ANNOTATION__,,,
claude45,original,7150,david,0.0,0.0,0.0
claude45,original,7150,eric,0.0,0.0,0.0
claude45,original,7150,mark,0.0,0.0,0.0
claude45,original,6111,jason,0.75,0.75,0.9999999866666668
claude45,original,6111,nick,1.0,1.0,0.9999999900000002
claude45,original,515,bradley,0.0,0.25,0.0
claude45,original,515,christian,0.75,1.0,0.7499999925000002
claude45,original,515,shea,0.375,0.875,0.4285714236734694
claude45,original,4797,roger,0.0,0.75,0.0
claude45,original,8085,brooke,0.4,0.4,0.9999999750000006
claude45,original,8085,linda,0.4,0.4,0.9999999750000006
claude45,original,8085,richard,0.0,0.0,0.0
claude45,original,8085,sam,0.0,1.0,0.0
claude45,original,7596,kevin,0.4,1.0,0.3999999960000001
claude45,original,7596,william,0.0,0.0,0.0
claude45,original,948,benjamin,0.0,0.0,0.0
claude45,original,948,natalie,0.25,0.75,0.33333332888888895
claude45,original,948,vincent,0.0,0.5,0.0
claude45,original,7702,jude,0.5,0.8333333333333334,0.5999999928
claude45,original,7702,nicole,0.3333333333333333,0.6666666666666666,0.4999999925000001
claude45,original,2722,__NO_ANNOTATION__,,,
claude45,original,10499,al,1.0,1.0,0.9999999900000002
claude45,original,10499,robert,0.25,0.25,0.9999999600000016
claude45,large,2926,jeff,0.5,1.0,0.4999999950000001
claude45,large,2926,jim,0.0,1.0,0.0
claude45,large,2926,karen,0.0,0.0,0.0
claude45,large,8551,__NO_ANNOTATION__,,,
claude45,large,6847,ben,0.75,0.75,0.9999999866666668
claude45,large,6847,cameron,0.25,0.25,0.9999999600000016
claude45,large,6847,lin,0.5,1.0,0.4999999950000001
claude45,large,8061,ellen,0.14285714285714285,1.0,0.14285714142857145
claude45,large,8061,leonardo,0.14285714285714285,0.7142857142857143,0.1999999972
claude45,large,8061,robert,0.2857142857142857,0.8571428571428571,0.3333333294444445
claude45,large,11340,brad,0.25,1.0,0.24999999750000004
claude45,large,11340,christoph,0.25,1.0,0.24999999750000004
claude45,large,11340,daniel,0.5,0.5,0.9999999800000003
claude45,large,3891,robert,0.0,0.0,0.0
claude45,large,7702,jude,0.25,0.75,0.33333332888888895
claude45,large,7702,nicole,0.5,0.5,0.9999999800000003
claude45,large,10408,ashton,0.2,0.2,0.9999999500000025
claude45,large,10408,greta,0.4,0.4,0.9999999750000006
claude45,large,10408,jake,0.4,0.4,0.9999999750000006
claude45,large,7596,kevin,0.4,1.0,0.3999999960000001
claude45,large,7596,william,0.2,0.2,0.9999999500000025
claude45,large,11260,colin,0.5,0.5,0.9999999800000003
claude45,large,11260,jamie,0.25,0.75,0.33333332888888895
claude45,large,723,james,0.5,1.0,0.4999999950000001
claude45,large,6729,albert,0.0,0.0,0.0
claude45,large,6729,frederic,0.0,0.0,0.0
claude45,large,6729,martin,0.0,0.375,0.0
claude45,large,6729,sam,0.0,0.0,0.0
claude45,large,9334,harrison,0.4,0.8,0.49999999375000004
claude45,large,11719,billy,0.25,0.75,0.33333332888888895
claude45,large,11719,shia,0.25,0.75,0.33333332888888895
claude45,large,6111,jason,1.0,1.0,0.9999999900000002
claude45,large,6111,nick,1.0,1.0,0.9999999900000002
claude45,large,4173,mel,0.42857142857142855,0.7142857142857143,0.5999999916000001
claude45,large,2400,audrey,0.5,0.5,0.9999999800000003
claude45,large,2400,cary,0.5,0.5,0.9999999800000003
claude45,large,2400,george,0.0,0.0,0.0
claude45,large,2400,jacques,0.25,0.75,0.33333332888888895
claude45,large,2722,__NO_ANNOTATION__,,,
claude45,large,5062,__NO_ANNOTATION__,,,
claude45,large,1214,jack,0.6,1.0,0.599999994
claude45,large,9914,matthew,0.0,0.0,0.0
claude45,large,9914,reese,0.0,0.5,0.0
claude45,large,515,bradley,0.0,0.25,0.0
claude45,large,515,christian,0.625,0.875,0.714285706122449
claude45,large,515,shea,0.5,0.875,0.5714285648979592
claude45,large,1467,anthony,0.5,0.5,0.9999999800000003
claude45,large,1467,rosario,0.0,0.0,0.0
claude45,large,13683,bill,0.6,0.6,0.9999999833333335
claude45,large,13683,tom,0.2,0.6,0.33333332777777785
claude45,large,6921,jude,0.0,0.0,0.0
claude45,large,6921,matt,0.16666666666666666,0.8333333333333334,0.1999999976
claude45,large,6921,philip,0.16666666666666666,0.6666666666666666,0.24999999625000005
claude45,large,5047,__NO_ANNOTATION__,,,
claude45,large,11543,__NO_ANNOTATION__,,,
claude45,large,7065,jude,0.25,0.75,0.33333332888888895
claude45,large,7065,matt,0.5,0.5,0.9999999800000003
claude45,large,1111,__NO_ANNOTATION__,,,
claude45,large,948,benjamin,0.25,0.25,0.9999999600000016
claude45,large,948,natalie,0.25,0.75,0.33333332888888895
claude45,large,948,vincent,0.0,1.0,0.0
claude45,large,9418,daniel,0.2,1.0,0.19999999800000004
claude45,large,9418,gary,0.0,0.4,0.0
claude45,large,9418,john,0.0,0.0,0.0
claude45,large,3295,dane,0.5,1.0,0.4999999950000001
claude45,large,3295,demi,0.25,0.25,0.9999999600000016
claude45,large,3295,ruben,0.25,0.25,0.9999999600000016
claude45,large,7150,david,0.0,0.0,0.0
claude45,large,7150,eric,0.0,0.0,0.0
claude45,large,7150,mark,0.0,0.0,0.0
claude45,large,345,john,0.5,0.5,0.9999999800000003
claude45,large,11678,karen,0.0,0.0,0.0
claude45,large,11678,paul,0.0,0.0,0.0
claude45,large,11678,wolf,0.0,1.0,0.0
claude45,large,721,denzel,0.25,0.25,0.9999999600000016
claude45,large,721,mila,0.0,0.0,0.0
claude45,large,721,tom,0.0,0.0,0.0
claude45,large,733,gary,0.6,1.0,0.599999994
claude45,large,733,jennifer,0.4,0.4,0.9999999750000006
claude45,large,7195,gerard,0.25,1.0,0.24999999750000004
claude45,large,7195,jennifer,0.0,1.0,0.0
claude45,large,11457,__NO_ANNOTATION__,,,
claude45,large,12358,__NO_ANNOTATION__,,,
claude45,large,13596,emile,1.0,1.0,0.9999999900000002
claude45,large,10499,al,1.0,1.0,0.9999999900000002
claude45,large,10499,robert,0.5,1.0,0.4999999950000001
claude45,large,10499,val,0.0,0.0,0.0
claude45,large,5721,__NO_ANNOTATION__,,,
claude45,large,5201,brian,0.0,0.75,0.0
claude45,large,5201,joan,0.125,0.875,0.1428571412244898
claude45,large,5201,julia,0.125,0.5,0.24999999500000009
claude45,large,5201,matt,0.0,0.0,0.0
claude45,large,8085,sam,0.0,0.0,0.0
claude45,large,2702,ben,0.8,0.8,0.9999999875000001
claude45,large,2702,lin,0.0,0.0,0.0
claude45,large,6878,robert,0.0,0.5,0.0
claude45,large,1201,__NO_ANNOTATION__,,,
claude45,large,5265,amy,0.5,1.0,0.4999999950000001
claude45,large,5265,christian,0.0,0.5,0.0
claude45,large,5540,__NO_ANNOTATION__,,,
claude45,large,5349,james,0.0,0.8,0.0
claude45,large,5349,kim,0.0,0.0,0.0
claude45,large,6215,jason,0.3333333333333333,0.3333333333333333,0.999999970000001
claude45,large,6215,nick,0.0,0.0,0.0
claude45,large,3761,jeff,1.0,1.0,0.9999999900000002
claude45,large,3761,jim,1.0,1.0,0.9999999900000002
claude45,large,8154,angelina,0.0,0.4,0.0
claude45,large,8154,fisher,0.2,0.2,0.9999999500000025
claude45,large,8154,jonny,0.4,0.4,0.9999999750000006
claude45,large,8154,matthew,0.0,0.0,0.0
claude45,large,12423,jeff,0.2,1.0,0.19999999800000004
claude45,large,12423,matt,0.0,0.4,0.0
claude45,large,4797,roger,0.0,0.0,0.0
claude45,large,4047,__NO_ANNOTATION__,,,
claude45,large,11541,__NO_ANNOTATION__,,,
claude45,large,3230,jean,0.0,0.75,0.0
claude45,large,3230,tom,0.5,0.5,0.9999999800000003
claude45,large,10486,robert,0.2,0.2,0.9999999500000025
claude45,large,10486,val,0.2,0.2,0.9999999500000025
gpt4o,original,2400,audrey,0.5,0.5,0.9999999800000003
gpt4o,original,2400,cary,0.5,0.5,0.9999999800000003
gpt4o,original,2400,george,0.0,0.0,0.0
gpt4o,original,2400,jacques,0.75,0.75,0.9999999866666668
gpt4o,original,2400,ned,0.0,0.0,0.0
gpt4o,original,1201,__NO_ANNOTATION__,,,
gpt4o,original,6729,albert,0.0,0.0,0.0
gpt4o,original,6729,frederic,0.14285714285714285,1.0,0.14285714142857145
gpt4o,original,6729,laurence,0.14285714285714285,0.42857142857142855,0.3333333255555557
gpt4o,original,6729,martin,0.0,0.0,0.0
gpt4o,original,6729,sam,0.14285714285714285,0.8571428571428571,0.16666666472222225
gpt4o,original,515,bradley,0.2,0.2,0.9999999500000025
gpt4o,original,515,christian,0.8,0.8,0.9999999875000001
gpt4o,original,515,shea,1.0,1.0,0.9999999900000002
gpt4o,original,4173,heath,0.0,0.8333333333333334,0.0
gpt4o,original,4173,mel,0.8333333333333334,0.8333333333333334,0.9999999880000001
gpt4o,original,11340,christoph,0.5,1.0,0.4999999950000001
gpt4o,original,11340,daniel,0.75,0.75,0.9999999866666668
gpt4o,original,6215,jason,1.0,1.0,0.9999999900000002
gpt4o,original,6215,nick,0.3333333333333333,0.3333333333333333,0.999999970000001
gpt4o,original,13596,emile,1.0,1.0,0.9999999900000002
gpt4o,original,6847,ben,0.75,0.75,0.9999999866666668
gpt4o,original,6847,cameron,0.25,0.25,0.9999999600000016
gpt4o,original,6847,lin,0.5,0.5,0.9999999800000003
gpt4o,original,3761,jeff,1.0,1.0,0.9999999900000002
gpt4o,original,3761,jim,1.0,1.0,0.9999999900000002
gpt4o,original,723,james,0.75,1.0,0.7499999925000002
gpt4o,original,13683,bill,0.6,0.6,0.9999999833333335
gpt4o,original,13683,tom,0.6,1.0,0.599999994
gpt4o,original,733,gary,1.0,1.0,0.9999999900000002
gpt4o,original,733,jennifer,0.6,1.0,0.599999994
gpt4o,original,11260,colin,0.0,0.5,0.0
gpt4o,original,11260,jamie,0.75,0.75,0.9999999866666668
gpt4o,original,11260,john,0.75,0.75,0.9999999866666668
gpt4o,original,12423,hailee,0.2,0.6,0.33333332777777785
gpt4o,original,12423,jeff,0.2,1.0,0.19999999800000004
gpt4o,original,12423,matt,0.8,0.8,0.9999999875000001
gpt4o,original,12358,__NO_ANNOTATION__,,,
gpt4o,original,2926,charles,1.0,1.0,0.9999999900000002
gpt4o,original,2926,jeff,1.0,1.0,0.9999999900000002
gpt4o,original,2926,jim,0.0,0.0,0.0
gpt4o,original,2926,teri,0.0,0.0,0.0
gpt4o,original,2722,__NO_ANNOTATION__,,,
gpt4o,original,6878,robert,0.0,0.0,0.0
gpt4o,original,10499,al,0.5,1.0,0.4999999950000001
gpt4o,original,10499,robert,0.0,0.0,0.0
gpt4o,original,10499,val,0.0,0.0,0.0
gpt4o,original,10408,ashton,0.4,0.4,0.9999999750000006
gpt4o,original,10408,greta,0.4,0.4,0.9999999750000006
gpt4o,original,10408,jake,0.4,0.4,0.9999999750000006
gpt4o,original,10408,natalie,0.0,0.0,0.0
gpt4o,original,345,connie,1.0,1.0,0.9999999900000002
gpt4o,original,345,john,0.75,0.75,0.9999999866666668
gpt4o,original,11678,karen,0.0,0.0,0.0
gpt4o,original,11678,paul,0.5,0.5,0.9999999800000003
gpt4o,original,721,denzel,0.25,0.25,0.9999999600000016
gpt4o,original,721,gary,0.0,1.0,0.0
gpt4o,original,721,mila,0.0,0.0,0.0
gpt4o,original,721,tom,0.0,0.0,0.0
gpt4o,original,8085,brooke,0.0,0.0,0.0
gpt4o,original,8085,linda,0.4,0.4,0.9999999750000006
gpt4o,original,8085,richard,0.0,0.0,0.0
gpt4o,original,8085,sam,0.2,1.0,0.19999999800000004
gpt4o,original,10486,robert,0.4,1.0,0.3999999960000001
gpt4o,original,10486,val,0.0,0.0,0.0
gpt4o,original,8061,ellen,0.5,1.0,0.4999999950000001
gpt4o,original,8061,leonardo,0.5,0.5,0.9999999800000003
gpt4o,original,8061,robert,0.25,0.75,0.33333332888888895
gpt4o,original,1467,anthony,0.75,0.75,0.9999999866666668
gpt4o,original,1467,rosario,0.0,1.0,0.0
gpt4o,original,7150,david,0.0,0.0,0.0
gpt4o,original,7150,eric,0.25,0.75,0.33333332888888895
gpt4o,original,7150,mark,0.0,0.0,0.0
gpt4o,original,7065,jude,0.5,1.0,0.4999999950000001
gpt4o,original,7065,matt,0.5,1.0,0.4999999950000001
gpt4o,original,11541,__NO_ANNOTATION__,,,
gpt4o,original,3891,robert,0.5,1.0,0.4999999950000001
gpt4o,original,3891,val,0.0,0.0,0.0
gpt4o,original,7195,gerard,0.0,0.75,0.0
gpt4o,original,7195,jennifer,0.75,0.75,0.9999999866666668
gpt4o,original,6921,jude,0.8333333333333334,0.8333333333333334,0.9999999880000001
gpt4o,original,6921,matt,0.16666666666666666,0.16666666666666666,0.9999999400000036
gpt4o,original,6921,philip,0.16666666666666666,1.0,0.16666666500000002
gpt4o,original,5540,__NO_ANNOTATION__,,,
gpt4o,original,8154,angelina,0.6,1.0,0.599999994
gpt4o,original,8154,fisher,0.0,0.4,0.0
gpt4o,original,8154,jonny,0.4,0.8,0.49999999375000004
gpt4o,original,8154,matthew,0.4,0.8,0.49999999375000004
gpt4o,original,8154,renoly,0.4,0.8,0.49999999375000004
gpt4o,original,11457,__NO_ANNOTATION__,,,
gpt4o,original,6111,dexter,1.0,1.0,0.9999999900000002
gpt4o,original,6111,jason,1.0,1.0,0.9999999900000002
gpt4o,original,6111,nick,1.0,1.0,0.9999999900000002
gpt4o,original,9914,matthew,0.25,0.25,0.9999999600000016
gpt4o,original,9914,reese,0.0,1.0,0.0
gpt4o,original,11543,__NO_ANNOTATION__,,,
gpt4o,original,1214,jack,1.0,1.0,0.9999999900000002
gpt4o,original,5721,__NO_ANNOTATION__,,,
gpt4o,original,5047,__NO_ANNOTATION__,,,
gpt4o,original,948,benjamin,0.5,0.5,0.9999999800000003
gpt4o,original,948,ksenia,0.0,0.0,0.0
gpt4o,original,948,natalie,1.0,1.0,0.9999999900000002
gpt4o,original,948,vincent,0.0,0.5,0.0
gpt4o,original,5201,brian,0.0,0.75,0.0
gpt4o,original,5201,joan,0.125,0.875,0.1428571412244898
gpt4o,original,5201,julia,0.125,0.5,0.24999999500000009
gpt4o,original,5201,matt,0.0,0.0,0.0
gpt4o,original,3230,jean,0.0,0.75,0.0
gpt4o,original,4047,__NO_ANNOTATION__,,,
gpt4o,original,4797,rene,0.0,0.0,0.0
gpt4o,original,4797,roger,0.0,0.75,0.0
gpt4o,original,11719,billy,0.75,0.75,0.9999999866666668
gpt4o,original,11719,shia,0.75,0.75,0.9999999866666668
gpt4o,original,8551,__NO_ANNOTATION__,,,
gpt4o,original,9418,daniel,0.2,1.0,0.19999999800000004
gpt4o,original,9418,john,0.0,0.4,0.0
gpt4o,original,5062,__NO_ANNOTATION__,,,
gpt4o,original,7596,kevin,0.4,1.0,0.3999999960000001
gpt4o,original,7596,william,0.0,0.8,0.0
gpt4o,original,7702,donald,0.25,0.75,0.33333332888888895
gpt4o,original,7702,nicole,0.5,0.5,0.9999999800000003
gpt4o,original,5265,amy,0.5,1.0,0.4999999950000001
gpt4o,original,5265,christian,0.75,0.75,0.9999999866666668
gpt4o,original,1111,__NO_ANNOTATION__,,,
gpt4o,original,9334,harrison,1.0,1.0,0.9999999900000002
gpt4o,original,2702,ben,0.8,0.8,0.9999999875000001
gpt4o,original,5349,james,0.0,0.0,0.0
gpt4o,original,5349,kim,0.2,0.2,0.9999999500000025
gpt4o,original,3295,dane,1.0,1.0,0.9999999900000002
gpt4o,original,3295,demi,0.5,0.5,0.9999999800000003
gpt4o,original,3295,ruben,0.25,0.25,0.9999999600000016
gpt4o,large,10486,robert,0.6,1.0,0.599999994
gpt4o,large,10486,val,0.0,0.0,0.0
gpt4o,large,7065,jude,0.5,1.0,0.4999999950000001
gpt4o,large,7065,matt,1.0,1.0,0.9999999900000002
gpt4o,large,3230,jean,0.25,1.0,0.24999999750000004
gpt4o,large,3230,tom,0.75,0.75,0.9999999866666668
gpt4o,large,345,connie,1.0,1.0,0.9999999900000002
gpt4o,large,345,john,0.75,0.75,0.9999999866666668
gpt4o,large,5062,__NO_ANNOTATION__,,,
gpt4o,large,723,james,0.375,0.875,0.4285714236734694
gpt4o,large,12423,hailee,0.2,0.2,0.9999999500000025
gpt4o,large,12423,jeff,0.2,1.0,0.19999999800000004
gpt4o,large,12423,matt,0.4,0.8,0.49999999375000004
gpt4o,large,13683,bill,0.6,0.6,0.9999999833333335
gpt4o,large,13683,christian,0.6,0.6,0.9999999833333335
gpt4o,large,13683,terence,0.6,0.6,0.9999999833333335
gpt4o,large,13683,tom,0.6,1.0,0.599999994
gpt4o,large,6215,jason,0.3333333333333333,1.0,0.33333333000000004
gpt4o,large,6215,nick,0.3333333333333333,0.6666666666666666,0.4999999925000001
gpt4o,large,6878,robert,0.0,0.5,0.0
gpt4o,large,9418,daniel,0.6,1.0,0.599999994
gpt4o,large,9418,gary,0.0,0.0,0.0
gpt4o,large,9418,john,0.4,0.8,0.49999999375000004
gpt4o,large,10499,al,0.25,0.75,0.33333332888888895
gpt4o,large,10499,robert,0.0,0.75,0.0
gpt4o,large,10499,val,0.0,0.0,0.0
gpt4o,large,8154,angelina,0.6,0.6,0.9999999833333335
gpt4o,large,8154,fisher,0.2,0.2,0.9999999500000025
gpt4o,large,8154,jonny,0.4,0.4,0.9999999750000006
gpt4o,large,8154,matthew,0.4,0.4,0.9999999750000006
gpt4o,large,8154,renoly,0.4,0.4,0.9999999750000006
gpt4o,large,1111,__NO_ANNOTATION__,,,
gpt4o,large,8551,__NO_ANNOTATION__,,,
gpt4o,large,13596,emile,1.0,1.0,0.9999999900000002
gpt4o,large,3295,dane,1.0,1.0,0.9999999900000002
gpt4o,large,3295,demi,0.5,0.5,0.9999999800000003
gpt4o,large,3295,ruben,0.25,0.25,0.9999999600000016
gpt4o,large,6921,jude,0.5,0.8333333333333334,0.5999999928
gpt4o,large,6921,matt,0.16666666666666666,0.16666666666666666,0.9999999400000036
gpt4o,large,6921,philip,0.16666666666666666,1.0,0.16666666500000002
gpt4o,large,2926,charles,1.0,1.0,0.9999999900000002
gpt4o,large,2926,jeff,1.0,1.0,0.9999999900000002
gpt4o,large,2926,jim,0.0,0.0,0.0
gpt4o,large,2926,teri,0.0,0.0,0.0
gpt4o,large,8085,brooke,0.0,0.0,0.0
gpt4o,large,8085,linda,0.4,0.4,0.9999999750000006
gpt4o,large,8085,richard,0.0,0.0,0.0
gpt4o,large,8085,sam,0.2,1.0,0.19999999800000004
gpt4o,large,2400,audrey,0.5,0.5,0.9999999800000003
gpt4o,large,2400,cary,0.5,0.5,0.9999999800000003
gpt4o,large,2400,george,0.25,1.0,0.24999999750000004
gpt4o,large,2400,jacques,0.25,0.75,0.33333332888888895
gpt4o,large,2400,ned,0.0,0.0,0.0
gpt4o,large,11260,colin,0.5,0.5,0.9999999800000003
gpt4o,large,11260,jamie,0.25,0.75,0.33333332888888895
gpt4o,large,11260,john,0.25,0.25,0.9999999600000016
gpt4o,large,1214,jack,0.0,1.0,0.0
gpt4o,large,948,benjamin,0.25,0.25,0.9999999600000016
gpt4o,large,948,ksenia,0.0,0.0,0.0
gpt4o,large,948,natalie,0.5,1.0,0.4999999950000001
gpt4o,large,948,vincent,0.25,0.75,0.33333332888888895
gpt4o,large,4047,__NO_ANNOTATION__,,,
gpt4o,large,6111,dexter,0.5,1.0,0.4999999950000001
gpt4o,large,6111,jason,0.0,0.5,0.0
gpt4o,large,6111,nick,1.0,1.0,0.9999999900000002
gpt4o,large,2722,__NO_ANNOTATION__,,,
gpt4o,large,5721,__NO_ANNOTATION__,,,
gpt4o,large,5047,__NO_ANNOTATION__,,,
gpt4o,large,11678,karen,0.0,0.0,0.0
gpt4o,large,11678,paul,0.75,0.75,0.9999999866666668
gpt4o,large,721,denzel,0.25,0.25,0.9999999600000016
gpt4o,large,721,gary,0.0,0.5,0.0
gpt4o,large,721,mila,0.0,0.0,0.0
gpt4o,large,721,tom,0.0,0.0,0.0
gpt4o,large,3761,jeff,1.0,1.0,0.9999999900000002
gpt4o,large,3761,jim,1.0,1.0,0.9999999900000002
gpt4o,large,1201,__NO_ANNOTATION__,,,
gpt4o,large,2702,ben,0.8,0.8,0.9999999875000001
gpt4o,large,11457,__NO_ANNOTATION__,,,
gpt4o,large,12358,__NO_ANNOTATION__,,,
gpt4o,large,7150,david,0.0,0.0,0.0
gpt4o,large,7150,eric,0.25,0.75,0.33333332888888895
gpt4o,large,7150,mark,0.0,0.0,0.0
gpt4o,large,7596,kevin,0.4,0.8,0.49999999375000004
gpt4o,large,7596,william,0.0,0.8,0.0
gpt4o,large,5265,amy,0.5,1.0,0.4999999950000001
gpt4o,large,5265,christian,0.75,0.75,0.9999999866666668
gpt4o,large,3891,robert,0.5,1.0,0.4999999950000001
gpt4o,large,3891,val,0.25,0.25,0.9999999600000016
gpt4o,large,9914,matthew,0.0,0.0,0.0
gpt4o,large,9914,reese,0.5,1.0,0.4999999950000001
gpt4o,large,11340,christoph,0.5,1.0,0.4999999950000001
gpt4o,large,6847,ben,0.75,0.75,0.9999999866666668
gpt4o,large,6847,cameron,0.25,0.25,0.9999999600000016
gpt4o,large,6847,lin,0.5,0.5,0.9999999800000003
gpt4o,large,7702,donald,0.0,0.0,0.0
gpt4o,large,7702,nicole,0.25,0.25,0.9999999600000016
gpt4o,large,11541,__NO_ANNOTATION__,,,
gpt4o,large,4173,heath,0.14285714285714285,0.14285714285714285,0.999999930000005
gpt4o,large,4173,mel,0.5714285714285714,0.8571428571428571,0.666666658888889
gpt4o,large,10408,ashton,0.4,0.4,0.9999999750000006
gpt4o,large,10408,greta,0.4,0.4,0.9999999750000006
gpt4o,large,10408,jake,0.4,0.4,0.9999999750000006
gpt4o,large,5540,__NO_ANNOTATION__,,,
gpt4o,large,9334,harrison,1.0,1.0,0.9999999900000002
gpt4o,large,8061,ellen,0.14285714285714285,1.0,0.14285714142857145
gpt4o,large,8061,leonardo,0.14285714285714285,0.42857142857142855,0.3333333255555557
gpt4o,large,8061,robert,0.14285714285714285,0.7142857142857143,0.1999999972
gpt4o,large,5349,james,0.0,0.0,0.0
gpt4o,large,5349,kim,0.2,0.2,0.9999999500000025
gpt4o,large,4797,rene,0.0,0.5,0.0
gpt4o,large,4797,roger,0.0,0.0,0.0
gpt4o,large,5201,brian,0.0,0.75,0.0
gpt4o,large,5201,joan,0.125,0.875,0.1428571412244898
gpt4o,large,5201,julia,0.125,0.5,0.24999999500000009
gpt4o,large,5201,matt,0.0,0.0,0.0
gpt4o,large,515,christian,0.625,0.875,0.714285706122449
gpt4o,large,515,shea,0.125,0.875,0.1428571412244898
gpt4o,large,11719,billy,0.5,1.0,0.4999999950000001
gpt4o,large,11719,shia,0.75,0.75,0.9999999866666668
gpt4o,large,1467,anthony,0.75,0.75,0.9999999866666668
gpt4o,large,1467,rosario,0.0,1.0,0.0
gpt4o,large,733,gary,0.6,1.0,0.599999994
gpt4o,large,733,jennifer,0.4,0.8,0.49999999375000004
gpt4o,large,11543,__NO_ANNOTATION__,,,
gpt4o,large,6729,albert,0.0,0.0,0.0
gpt4o,large,6729,frederic,0.0,0.625,0.0
gpt4o,large,6729,laurence,0.0,0.625,0.0
gpt4o,large,6729,martin,0.0,0.0,0.0
gpt4o,large,6729,sam,0.125,0.75,0.16666666444444447
gpt4o,large,7195,gerard,0.0,0.75,0.0
gpt4o,large,7195,jennifer,0.75,0.75,0.9999999866666668
internvl3,original,1111,__NO_ANNOTATION__,,,
internvl3,original,3761,jeff,1.0,1.0,0.9999999900000002
internvl3,original,3761,jim,1.0,1.0,0.9999999900000002
internvl3,original,6847,ben,0.5,1.0,0.4999999950000001
internvl3,original,6847,cameron,1.0,1.0,0.9999999900000002
internvl3,original,6847,lin,1.0,1.0,0.9999999900000002
internvl3,original,13596,emile,1.0,1.0,0.9999999900000002
internvl3,original,8085,brooke,0.25,0.75,0.33333332888888895
internvl3,original,8085,linda,0.125,0.75,0.16666666444444447
internvl3,original,8085,richard,0.5,0.75,0.6666666577777779
internvl3,original,8085,sam,0.0,0.75,0.0
internvl3,original,6878,robert,0.4,1.0,0.3999999960000001
internvl3,original,1201,__NO_ANNOTATION__,,,
internvl3,original,515,bradley,0.3333333333333333,0.3333333333333333,0.999999970000001
internvl3,original,515,christian,0.16666666666666666,0.8333333333333334,0.1999999976
internvl3,original,515,shea,0.3333333333333333,0.8333333333333334,0.3999999952
internvl3,original,11719,billy,1.0,1.0,0.9999999900000002
internvl3,original,11719,shia,1.0,1.0,0.9999999900000002
internvl3,original,11543,__NO_ANNOTATION__,,,
internvl3,original,345,connie,1.0,1.0,0.9999999900000002
internvl3,original,345,john,1.0,1.0,0.9999999900000002
internvl3,original,11340,christoph,1.0,1.0,0.9999999900000002
internvl3,original,12423,hailee,0.6,0.6,0.9999999833333335
internvl3,original,12423,jeff,0.8,0.8,0.9999999875000001
internvl3,original,12423,matt,0.6,0.6,0.9999999833333335
internvl3,original,5201,brian,0.0,0.875,0.0
internvl3,original,5201,joan,0.125,0.5,0.24999999500000009
internvl3,original,5201,julia,0.0,0.375,0.0
internvl3,original,5201,matt,0.0,0.625,0.0
internvl3,original,723,james,1.0,1.0,0.9999999900000002
internvl3,original,9914,reese,0.5,1.0,0.4999999950000001
internvl3,original,2702,ben,0.8,0.8,0.9999999875000001
internvl3,original,2702,cameron,0.2,0.2,0.9999999500000025
internvl3,original,9418,daniel,1.0,1.0,0.9999999900000002
internvl3,original,9418,john,0.0,0.0,0.0
internvl3,original,8061,ellen,0.25,0.875,0.2857142824489796
internvl3,original,8061,leonardo,0.25,0.75,0.33333332888888895
internvl3,original,8061,robert,0.0,1.0,0.0
internvl3,original,9334,harrison,1.0,1.0,0.9999999900000002
internvl3,original,5265,amy,1.0,1.0,0.9999999900000002
internvl3,original,5265,christian,1.0,1.0,0.9999999900000002
internvl3,original,4797,rene,0.0,0.5,0.0
internvl3,original,4797,roger,0.0,0.5,0.0
internvl3,original,5540,__NO_ANNOTATION__,,,
internvl3,original,948,benjamin,0.0,0.0,0.0
internvl3,original,948,ksenia,0.0,0.3333333333333333,0.0
internvl3,original,948,natalie,0.3333333333333333,0.6666666666666666,0.4999999925000001
internvl3,original,7150,eric,0.25,0.75,0.33333332888888895
internvl3,original,7150,mark,0.0,0.5,0.0
internvl3,original,6921,jude,1.0,1.0,0.9999999900000002
internvl3,original,6921,philip,0.8,0.8,0.9999999875000001
internvl3,original,6111,jason,0.25,0.25,0.9999999600000016
internvl3,original,6111,nick,1.0,1.0,0.9999999900000002
internvl3,original,2722,__NO_ANNOTATION__,,,
internvl3,original,12358,__NO_ANNOTATION__,,,
internvl3,original,7065,jude,1.0,1.0,0.9999999900000002
internvl3,original,7065,matt,1.0,1.0,0.9999999900000002
internvl3,original,7702,__NO_CHARACTER_MATCH__,,,
internvl3,original,11260,colin,0.6,1.0,0.599999994
internvl3,original,11260,jamie,1.0,1.0,0.9999999900000002
internvl3,original,11260,john,0.6,1.0,0.599999994
internvl3,original,11457,__NO_ANNOTATION__,,,
internvl3,original,4173,heath,1.0,1.0,0.9999999900000002
internvl3,original,4173,mel,0.6,1.0,0.599999994
internvl3,original,13683,bill,0.0,1.0,0.0
internvl3,original,13683,christian,0.0,0.8,0.0
internvl3,original,13683,terence,0.4,0.8,0.49999999375000004
internvl3,original,13683,tom,1.0,1.0,0.9999999900000002
internvl3,original,7596,kevin,1.0,1.0,0.9999999900000002
internvl3,original,7596,william,1.0,1.0,0.9999999900000002
internvl3,original,733,gary,1.0,1.0,0.9999999900000002
internvl3,original,733,jennifer,1.0,1.0,0.9999999900000002
internvl3,original,7195,gerard,1.0,1.0,0.9999999900000002
internvl3,original,7195,jennifer,1.0,1.0,0.9999999900000002
internvl3,original,10408,ashton,0.0,0.0,0.0
internvl3,original,10408,greta,1.0,1.0,0.9999999900000002
internvl3,original,10408,jake,1.0,1.0,0.9999999900000002
internvl3,original,10408,natalie,0.0,0.0,0.0
internvl3,original,5349,james,0.4,1.0,0.3999999960000001
internvl3,original,8154,angelina,0.4,0.8,0.49999999375000004
internvl3,original,8154,fisher,0.0,0.4,0.0
internvl3,original,8154,jonny,0.0,1.0,0.0
internvl3,original,8154,matthew,0.2,0.6,0.33333332777777785
internvl3,original,8154,renoly,0.6,1.0,0.599999994
internvl3,original,6215,jason,0.8,0.8,0.9999999875000001
internvl3,original,6215,nick,0.6,0.6,0.9999999833333335
internvl3,original,2926,charles,0.8,0.8,0.9999999875000001
internvl3,original,2926,jeff,0.8,0.8,0.9999999875000001
internvl3,original,2926,jim,0.0,0.6,0.0
internvl3,original,2926,teri,0.0,0.6,0.0
internvl3,original,1467,anthony,0.4,0.8,0.49999999375000004
internvl3,original,1467,rosario,0.2,1.0,0.19999999800000004
internvl3,original,5721,__NO_ANNOTATION__,,,
internvl3,original,1214,jack,0.5,0.8333333333333334,0.5999999928
internvl3,original,1214,scatman,0.0,0.0,0.0
internvl3,original,3295,dane,0.8,0.8,0.9999999875000001
internvl3,original,3295,demi,0.6,0.6,0.9999999833333335
internvl3,original,3295,ruben,0.0,0.0,0.0
internvl3,original,5062,__NO_ANNOTATION__,,,
internvl3,original,11541,__NO_ANNOTATION__,,,
internvl3,original,4047,__NO_ANNOTATION__,,,
internvl3,original,10486,robert,0.6,1.0,0.599999994
internvl3,original,10486,val,0.2,1.0,0.19999999800000004
internvl3,original,3230,emmanuelle,0.0,0.4,0.0
internvl3,original,3230,jean,1.0,1.0,0.9999999900000002
internvl3,original,3230,tom,1.0,1.0,0.9999999900000002
internvl3,original,11678,karen,0.0,0.0,0.0
internvl3,original,11678,paul,0.5,0.5,0.9999999800000003
internvl3,original,11678,wolf,0.0,0.0,0.0
internvl3,original,8551,__NO_ANNOTATION__,,,
internvl3,original,3891,robert,0.375,0.875,0.4285714236734694
internvl3,original,3891,val,0.0,1.0,0.0
internvl3,original,6729,__NO_CHARACTER_MATCH__,,,
internvl3,original,5047,__NO_ANNOTATION__,,,
internvl3,original,10499,al,1.0,1.0,0.9999999900000002
internvl3,original,10499,robert,0.4,0.8,0.49999999375000004
internvl3,original,10499,val,1.0,1.0,0.9999999900000002
internvl3,original,2400,audrey,0.0,0.5714285714285714,0.0
internvl3,original,2400,cary,0.0,0.42857142857142855,0.0
internvl3,original,2400,george,0.0,0.5714285714285714,0.0
internvl3,original,2400,jacques,0.2857142857142857,0.2857142857142857,0.9999999650000012
internvl3,original,2400,ned,0.0,0.7142857142857143,0.0
internvl3,original,721,denzel,0.3333333333333333,0.8333333333333334,0.3999999952
internvl3,original,721,gary,0.0,0.5,0.0
internvl3,original,721,mila,0.5,0.8333333333333334,0.5999999928
internvl3,original,721,tom,0.16666666666666666,0.8333333333333334,0.1999999976
internvl3,large,5062,__NO_ANNOTATION__,,,
internvl3,large,10499,al,0.5,1.0,0.4999999950000001
internvl3,large,10499,robert,0.75,0.75,0.9999999866666668
internvl3,large,10499,val,0.5,1.0,0.4999999950000001
internvl3,large,9914,reese,0.0,1.0,0.0
internvl3,large,345,connie,0.0,0.0,0.0
internvl3,large,345,john,1.0,1.0,0.9999999900000002
internvl3,large,7195,gerard,0.7,1.0,0.699999993
internvl3,large,7195,jennifer,0.6,1.0,0.599999994
internvl3,large,5349,james,0.4,1.0,0.3999999960000001
internvl3,large,5349,kim,0.2,0.8,0.24999999687500002
internvl3,large,12423,hailee,0.6,0.6,0.9999999833333335
internvl3,large,12423,jeff,0.6,1.0,0.599999994
internvl3,large,12423,matt,0.8,0.8,0.9999999875000001
internvl3,large,1111,__NO_ANNOTATION__,,,
internvl3,large,2722,__NO_ANNOTATION__,,,
internvl3,large,10486,robert,0.2,0.2,0.9999999500000025
internvl3,large,10486,val,0.2,0.2,0.9999999500000025
internvl3,large,6847,ben,0.625,0.875,0.714285706122449
internvl3,large,6847,cameron,0.25,0.5,0.49999999000000017
internvl3,large,6847,lin,0.25,0.5,0.49999999000000017
internvl3,large,515,bradley,0.0,0.625,0.0
internvl3,large,515,christian,0.0,0.5,0.0
internvl3,large,515,shea,0.0,0.0,0.0
internvl3,large,6878,robert,0.2857142857142857,0.2857142857142857,0.9999999650000012
internvl3,large,7065,jude,1.0,1.0,0.9999999900000002
internvl3,large,7065,matt,1.0,1.0,0.9999999900000002
internvl3,large,3891,val,0.25,0.75,0.33333332888888895
internvl3,large,13683,bill,0.4,0.8,0.49999999375000004
internvl3,large,13683,christian,0.0,0.6,0.0
internvl3,large,13683,terence,0.0,0.8,0.0
internvl3,large,13683,tom,0.2,1.0,0.19999999800000004
internvl3,large,3295,dane,0.4,0.8,0.49999999375000004
internvl3,large,3295,demi,0.2,0.6,0.33333332777777785
internvl3,large,3295,ruben,0.2,0.2,0.9999999500000025
internvl3,large,13596,emile,0.6666666666666666,1.0,0.6666666600000001
internvl3,large,8154,angelina,0.2,0.8,0.24999999687500002
internvl3,large,8154,jonny,0.2,0.6,0.33333332777777785
internvl3,large,8154,matthew,0.0,0.6,0.0
internvl3,large,8154,renoly,0.4,0.8,0.49999999375000004
internvl3,large,12358,__NO_ANNOTATION__,,,
internvl3,large,1214,jack,0.8333333333333334,0.8333333333333334,0.9999999880000001
internvl3,large,6111,dexter,0.16666666666666666,0.8333333333333334,0.1999999976
internvl3,large,6111,jason,0.0,0.8333333333333334,0.0
internvl3,large,6111,nick,0.0,0.8333333333333334,0.0
internvl3,large,5201,brian,0.0,0.0,0.0
internvl3,large,5201,joan,0.125,0.875,0.1428571412244898
internvl3,large,5201,julia,0.0,0.5,0.0
internvl3,large,5201,matt,0.0,0.5,0.0
internvl3,large,11457,__NO_ANNOTATION__,,,
internvl3,large,7702,__NO_CHARACTER_MATCH__,,,
internvl3,large,11340,christoph,1.0,1.0,0.9999999900000002
internvl3,large,5047,__NO_ANNOTATION__,,,
internvl3,large,6921,jude,0.5,0.8333333333333334,0.5999999928
internvl3,large,6921,matt,0.0,0.5,0.0
internvl3,large,6921,philip,0.16666666666666666,1.0,0.16666666500000002
internvl3,large,6729,albert,0.0,0.0,0.0
internvl3,large,6729,martin,0.0,0.0,0.0
internvl3,large,6729,sam,0.0,0.0,0.0
internvl3,large,3230,emmanuelle,0.0,0.0,0.0
internvl3,large,3230,jean,0.8,0.8,0.9999999875000001
internvl3,large,3230,tom,0.2,0.6,0.33333332777777785
internvl3,large,10408,ashton,0.14285714285714285,0.42857142857142855,0.3333333255555557
internvl3,large,10408,greta,0.2857142857142857,0.2857142857142857,0.9999999650000012
internvl3,large,10408,jake,0.2857142857142857,0.2857142857142857,0.9999999650000012
internvl3,large,10408,natalie,0.14285714285714285,0.14285714285714285,0.999999930000005
internvl3,large,8551,__NO_ANNOTATION__,,,
internvl3,large,721,denzel,0.25,0.25,0.9999999600000016
internvl3,large,721,gary,0.0,0.0,0.0
internvl3,large,721,mila,0.0,0.0,0.0
internvl3,large,721,tom,0.0,0.0,0.0
internvl3,large,1201,__NO_ANNOTATION__,,,
internvl3,large,9418,daniel,1.0,1.0,0.9999999900000002
internvl3,large,2400,audrey,0.0,0.5714285714285714,0.0
internvl3,large,2400,cary,0.0,0.5714285714285714,0.0
internvl3,large,2400,george,0.14285714285714285,0.14285714285714285,0.999999930000005
internvl3,large,2400,jacques,0.2857142857142857,0.5714285714285714,0.4999999912500001
internvl3,large,2400,ned,0.0,0.7142857142857143,0.0
internvl3,large,7596,kevin,0.8,0.8,0.9999999875000001
internvl3,large,7596,william,0.4,0.8,0.49999999375000004
internvl3,large,5721,__NO_ANNOTATION__,,,
internvl3,large,2926,charles,0.4,1.0,0.3999999960000001
internvl3,large,2926,jeff,0.4,0.4,0.9999999750000006
internvl3,large,2926,jim,0.0,0.4,0.0
internvl3,large,2926,karen,0.0,0.0,0.0
internvl3,large,2926,teri,0.0,0.4,0.0
internvl3,large,11719,billy,1.0,1.0,0.9999999900000002
internvl3,large,11719,shia,1.0,1.0,0.9999999900000002
internvl3,large,11543,__NO_ANNOTATION__,,,
internvl3,large,3761,jeff,1.0,1.0,0.9999999900000002
internvl3,large,3761,jim,1.0,1.0,0.9999999900000002
internvl3,large,11260,colin,0.6,1.0,0.599999994
internvl3,large,11260,jamie,0.4,1.0,0.3999999960000001
internvl3,large,11260,john,0.4,0.8,0.49999999375000004
internvl3,large,948,benjamin,0.0,0.0,0.0
internvl3,large,948,ksenia,0.0,0.5,0.0
internvl3,large,948,natalie,0.3333333333333333,0.8333333333333334,0.3999999952
internvl3,large,948,vincent,0.16666666666666666,0.6666666666666666,0.24999999625000005
internvl3,large,4797,roger,0.3333333333333333,0.8333333333333334,0.3999999952
internvl3,large,4047,__NO_ANNOTATION__,,,
internvl3,large,723,james,0.3333333333333333,1.0,0.33333333000000004
internvl3,large,9334,harrison,0.6666666666666666,1.0,0.6666666600000001
internvl3,large,11678,karen,0.0,0.0,0.0
internvl3,large,11678,wolf,0.0,0.5,0.0
internvl3,large,6215,__NO_CHARACTER_MATCH__,,,
internvl3,large,5540,__NO_ANNOTATION__,,,
internvl3,large,5265,amy,0.25,0.5,0.49999999000000017
internvl3,large,5265,christian,0.375,0.375,0.999999973333334
internvl3,large,5265,louis,0.0,0.0,0.0
internvl3,large,1467,anthony,0.5,0.5,0.9999999800000003
internvl3,large,1467,rosario,0.25,1.0,0.24999999750000004
internvl3,large,11541,__NO_ANNOTATION__,,,
internvl3,large,8061,ellen,0.2857142857142857,1.0,0.2857142828571429
internvl3,large,8061,leonardo,0.14285714285714285,0.7142857142857143,0.1999999972
internvl3,large,8061,robert,0.14285714285714285,0.7142857142857143,0.1999999972
internvl3,large,8085,brooke,0.0,0.6,0.0
internvl3,large,8085,linda,0.2,0.6,0.33333332777777785
internvl3,large,8085,richard,0.0,0.6,0.0
internvl3,large,8085,sam,0.0,0.0,0.0
internvl3,large,4173,heath,0.25,1.0,0.24999999750000004
internvl3,large,4173,mel,0.0,1.0,0.0
internvl3,large,733,gary,1.0,1.0,0.9999999900000002
internvl3,large,733,jennifer,1.0,1.0,0.9999999900000002
internvl3,large,2702,ben,1.0,1.0,0.9999999900000002
internvl3,large,2702,cameron,0.4,0.4,0.9999999750000006
internvl3,large,7150,eric,0.25,0.75,0.33333332888888895
internvl3,large,7150,mark,0.0,0.0,0.0
llama4scout,original,5540,__NO_ANNOTATION__,,,
llama4scout,original,5201,joan,0.5714285714285714,1.0,0.5714285657142858
llama4scout,original,10408,greta,1.0,1.0,0.9999999900000002
llama4scout,original,2400,cary,0.75,0.75,0.9999999866666668
llama4scout,original,2400,george,0.25,0.75,0.33333332888888895
llama4scout,original,2400,jacques,0.75,0.75,0.9999999866666668
llama4scout,original,6215,__NO_CHARACTER_MATCH__,,,
llama4scout,original,6921,__NO_CHARACTER_MATCH__,,,
llama4scout,original,5047,__NO_ANNOTATION__,,,
llama4scout,original,11543,__NO_ANNOTATION__,,,
llama4scout,original,12423,__NO_CHARACTER_MATCH__,,,
llama4scout,original,1467,__NO_CHARACTER_MATCH__,,,
llama4scout,original,733,gary,0.0,0.0,0.0
llama4scout,original,733,jennifer,0.0,0.0,0.0
llama4scout,original,5349,__NO_CHARACTER_MATCH__,,,
llama4scout,original,515,bradley,0.6666666666666666,0.8888888888888888,0.7499999915625001
llama4scout,original,515,christian,0.6666666666666666,0.8888888888888888,0.7499999915625001
llama4scout,original,515,shea,0.7777777777777778,0.7777777777777778,0.9999999871428572
llama4scout,original,4173,__NO_CHARACTER_MATCH__,,,
llama4scout,original,10499,al,0.25,0.25,0.9999999600000016
llama4scout,original,10499,robert,0.25,0.25,0.9999999600000016
llama4scout,original,10499,val,0.25,0.25,0.9999999600000016
llama4scout,original,2926,__NO_CHARACTER_MATCH__,,,
llama4scout,original,8551,__NO_ANNOTATION__,,,
llama4scout,original,9418,__NO_CHARACTER_MATCH__,,,
llama4scout,original,11678,__NO_CHARACTER_MATCH__,,,
llama4scout,original,7596,__NO_CHARACTER_MATCH__,,,
llama4scout,original,3761,__NO_CHARACTER_MATCH__,,,
llama4scout,original,7195,__NO_CHARACTER_MATCH__,,,
llama4scout,original,3891,__NO_CHARACTER_MATCH__,,,
llama4scout,original,721,__NO_CHARACTER_MATCH__,,,
llama4scout,original,4797,__NO_CHARACTER_MATCH__,,,
llama4scout,original,13683,bill,0.0,0.0,0.0
llama4scout,original,13683,christian,0.0,0.0,0.0
llama4scout,original,13683,terence,0.0,0.0,0.0
llama4scout,original,13683,tom,0.0,0.0,0.0
llama4scout,original,11541,__NO_ANNOTATION__,,,
llama4scout,original,5062,__NO_ANNOTATION__,,,
llama4scout,original,1201,__NO_ANNOTATION__,,,
llama4scout,original,11260,colin,0.0,0.75,0.0
llama4scout,original,11260,jamie,0.0,0.5,0.0
llama4scout,original,11260,john,0.0,0.0,0.0
llama4scout,original,6111,__NO_CHARACTER_MATCH__,,,
llama4scout,original,7702,__NO_CHARACTER_MATCH__,,,
llama4scout,original,5721,__NO_ANNOTATION__,,,
llama4scout,original,4047,__NO_ANNOTATION__,,,
llama4scout,original,345,__NO_CHARACTER_MATCH__,,,
llama4scout,original,7065,__NO_CHARACTER_MATCH__,,,
llama4scout,original,3230,__NO_CHARACTER_MATCH__,,,
llama4scout,original,13596,__NO_CHARACTER_MATCH__,,,
llama4scout,original,2702,__NO_CHARACTER_MATCH__,,,
llama4scout,original,12358,__NO_ANNOTATION__,,,
llama4scout,original,723,__NO_CHARACTER_MATCH__,,,
llama4scout,original,1214,__NO_CHARACTER_MATCH__,,,
llama4scout,original,8154,angelina,0.2,0.2,0.9999999500000025
llama4scout,original,8154,fisher,0.0,0.0,0.0
llama4scout,original,8154,jonny,0.0,0.0,0.0
llama4scout,original,8154,matthew,0.0,0.0,0.0
llama4scout,original,8154,renoly,0.0,0.0,0.0
llama4scout,original,948,benjamin,0.5,0.5,0.9999999800000003
llama4scout,original,948,ksenia,0.5,0.5,0.9999999800000003
llama4scout,original,948,natalie,0.5,0.5,0.9999999800000003
llama4scout,original,948,vincent,0.25,0.75,0.33333332888888895
llama4scout,original,10486,robert,0.0,0.0,0.0
llama4scout,original,9334,__NO_CHARACTER_MATCH__,,,
llama4scout,original,8085,__NO_CHARACTER_MATCH__,,,
llama4scout,original,7150,__NO_CHARACTER_MATCH__,,,
llama4scout,original,2722,__NO_ANNOTATION__,,,
llama4scout,original,11719,__NO_CHARACTER_MATCH__,,,
llama4scout,original,6729,__NO_CHARACTER_MATCH__,,,
llama4scout,original,5265,__NO_CHARACTER_MATCH__,,,
llama4scout,original,1111,__NO_ANNOTATION__,,,
llama4scout,original,11340,__NO_CHARACTER_MATCH__,,,
llama4scout,original,3295,__NO_CHARACTER_MATCH__,,,
llama4scout,original,11457,__NO_ANNOTATION__,,,
llama4scout,original,8061,ellen,1.0,1.0,0.9999999900000002
llama4scout,original,8061,leonardo,0.5714285714285714,0.5714285714285714,0.9999999825000002
llama4scout,original,8061,robert,1.0,1.0,0.9999999900000002
llama4scout,original,6847,__NO_CHARACTER_MATCH__,,,
llama4scout,original,6878,__NO_CHARACTER_MATCH__,,,
llama4scout,original,9914,__NO_CHARACTER_MATCH__,,,
llama4scout,large,2400,audrey,0.75,0.75,0.9999999866666668
llama4scout,large,2400,cary,0.75,0.75,0.9999999866666668
llama4scout,large,2400,george,0.75,0.75,0.9999999866666668
llama4scout,large,2400,jacques,0.75,0.75,0.9999999866666668
llama4scout,large,2400,ned,0.75,0.75,0.9999999866666668
llama4scout,large,5062,__NO_ANNOTATION__,,,
llama4scout,large,1214,jack,0.4,0.8,0.49999999375000004
llama4scout,large,1214,scatman,0.2,0.2,0.9999999500000025
llama4scout,large,515,bradley,0.0,0.8,0.0
llama4scout,large,515,christian,0.2,0.9,0.22222221975308645
llama4scout,large,515,shea,0.0,1.0,0.0
llama4scout,large,11340,christoph,0.0,0.0,0.0
llama4scout,large,11340,daniel,0.0,0.0,0.0
llama4scout,large,10499,al,0.0,0.0,0.0
llama4scout,large,9334,__NO_CHARACTER_MATCH__,,,
llama4scout,large,5201,joan,0.8,1.0,0.7999999920000002
llama4scout,large,6111,__NO_CHARACTER_MATCH__,,,
llama4scout,large,2926,__NO_CHARACTER_MATCH__,,,
llama4scout,large,2702,__NO_CHARACTER_MATCH__,,,
llama4scout,large,1111,__NO_ANNOTATION__,,,
llama4scout,large,948,benjamin,0.0,0.0,0.0
llama4scout,large,948,ksenia,0.0,0.0,0.0
llama4scout,large,948,natalie,0.0,0.0,0.0
llama4scout,large,345,connie,0.2,0.2,0.9999999500000025
llama4scout,large,345,john,0.0,0.0,0.0
llama4scout,large,721,__NO_CHARACTER_MATCH__,,,
llama4scout,large,8085,brooke,0.4,0.4,0.9999999750000006
llama4scout,large,8085,linda,0.4,0.4,0.9999999750000006
llama4scout,large,8085,richard,0.4,0.4,0.9999999750000006
llama4scout,large,8085,sam,1.0,1.0,0.9999999900000002
llama4scout,large,4797,rene,0.0,0.0,0.0
llama4scout,large,4797,roger,0.0,0.0,0.0
llama4scout,large,1467,anthony,0.6,0.6,0.9999999833333335
llama4scout,large,1467,rosario,1.0,1.0,0.9999999900000002
llama4scout,large,3761,__NO_CHARACTER_MATCH__,,,
llama4scout,large,11260,colin,0.6,1.0,0.599999994
llama4scout,large,11260,jamie,0.4,0.8,0.49999999375000004
llama4scout,large,11260,john,0.6,0.6,0.9999999833333335
llama4scout,large,4047,__NO_ANNOTATION__,,,
llama4scout,large,6878,robert,0.8,0.8,0.9999999875000001
llama4scout,large,7596,__NO_CHARACTER_MATCH__,,,
llama4scout,large,6729,__NO_CHARACTER_MATCH__,,,
llama4scout,large,5349,james,0.3333333333333333,0.6666666666666666,0.4999999925000001
llama4scout,large,5349,kim,0.3333333333333333,0.6666666666666666,0.4999999925000001
llama4scout,large,10486,robert,1.0,1.0,0.9999999900000002
llama4scout,large,10486,val,0.6,1.0,0.599999994
llama4scout,large,7150,__NO_CHARACTER_MATCH__,,,
llama4scout,large,9418,__NO_CHARACTER_MATCH__,,,
llama4scout,large,11543,__NO_ANNOTATION__,,,
llama4scout,large,8154,angelina,0.6,1.0,0.599999994
llama4scout,large,8154,fisher,0.2,0.6,0.33333332777777785
llama4scout,large,8154,jonny,0.4,0.8,0.49999999375000004
llama4scout,large,8154,matthew,0.2,0.6,0.33333332777777785
llama4scout,large,8154,renoly,0.2,0.6,0.33333332777777785
llama4scout,large,3230,jean,0.25,0.25,0.9999999600000016
llama4scout,large,3891,robert,0.6,1.0,0.599999994
llama4scout,large,3891,val,0.6,1.0,0.599999994
llama4scout,large,4173,heath,0.1111111111111111,1.0,0.11111111000000001
llama4scout,large,4173,mel,0.1111111111111111,1.0,0.11111111000000001
llama4scout,large,11541,__NO_ANNOTATION__,,,
llama4scout,large,7195,gerard,0.8,0.8,0.9999999875000001
llama4scout,large,7195,jennifer,1.0,1.0,0.9999999900000002
llama4scout,large,5265,amy,0.25,0.25,0.9999999600000016
llama4scout,large,5265,bradley,0.5,0.5,0.9999999800000003
llama4scout,large,5265,christian,0.25,0.75,0.33333332888888895
llama4scout,large,5265,louis,0.5,0.5,0.9999999800000003
llama4scout,large,7065,jude,0.0,0.0,0.0
llama4scout,large,7065,matt,0.0,0.0,0.0
llama4scout,large,11457,__NO_ANNOTATION__,,,
llama4scout,large,2722,__NO_ANNOTATION__,,,
llama4scout,large,11719,__NO_CHARACTER_MATCH__,,,
llama4scout,large,3295,dane,1.0,1.0,0.9999999900000002
llama4scout,large,3295,demi,0.0,0.75,0.0
llama4scout,large,3295,ruben,0.5,0.5,0.9999999800000003
llama4scout,large,723,james,0.0,0.0,0.0
llama4scout,large,733,__NO_CHARACTER_MATCH__,,,
llama4scout,large,5540,__NO_ANNOTATION__,,,
llama4scout,large,6215,__NO_CHARACTER_MATCH__,,,
llama4scout,large,12358,__NO_ANNOTATION__,,,
llama4scout,large,5047,__NO_ANNOTATION__,,,
llama4scout,large,6921,__NO_CHARACTER_MATCH__,,,
llama4scout,large,13683,__NO_CHARACTER_MATCH__,,,
llama4scout,large,6847,ben,0.0,1.0,0.0
llama4scout,large,6847,cameron,0.5,1.0,0.4999999950000001
llama4scout,large,6847,lin,0.5,1.0,0.4999999950000001
llama4scout,large,11678,karen,0.0,0.0,0.0
llama4scout,large,11678,paul,0.0,0.0,0.0
llama4scout,large,11678,wolf,0.0,0.0,0.0
llama4scout,large,8551,__NO_ANNOTATION__,,,
llama4scout,large,10408,ashton,0.0,0.4,0.0
llama4scout,large,10408,greta,0.4,0.8,0.49999999375000004
llama4scout,large,10408,jake,0.2,0.6,0.33333332777777785
llama4scout,large,10408,natalie,0.0,0.4,0.0
llama4scout,large,1201,__NO_ANNOTATION__,,,
llama4scout,large,9914,__NO_CHARACTER_MATCH__,,,
llama4scout,large,7702,donald,0.25,0.25,0.9999999600000016
llama4scout,large,7702,jude,0.25,0.25,0.9999999600000016
llama4scout,large,13596,emile,1.0,1.0,0.9999999900000002
llama4scout,large,8061,ellen,0.2857142857142857,1.0,0.2857142828571429
llama4scout,large,8061,leonardo,0.0,0.42857142857142855,0.0
llama4scout,large,8061,robert,0.0,0.7142857142857143,0.0
llama4scout,large,12423,hailee,0.0,0.0,0.0
llama4scout,large,12423,jeff,0.0,0.0,0.0
llama4scout,large,12423,matt,0.0,0.0,0.0
llama4scout,large,5721,__NO_ANNOTATION__,,,
qwen3vl,original,733,gary,0.6,1.0,0.599999994
qwen3vl,original,733,jennifer,0.8,0.8,0.9999999875000001
qwen3vl,original,8154,angelina,0.6,0.6,0.9999999833333335
qwen3vl,original,8154,fisher,0.2,0.2,0.9999999500000025
qwen3vl,original,8154,jonny,0.2,0.2,0.9999999500000025
qwen3vl,original,8154,renoly,0.0,0.0,0.0
qwen3vl,original,3230,jean,0.25,1.0,0.24999999750000004
qwen3vl,original,3230,tom,0.75,0.75,0.9999999866666668
qwen3vl,original,6921,jude,0.16666666666666666,1.0,0.16666666500000002
qwen3vl,original,6921,matt,0.16666666666666666,0.5,0.33333332666666676
qwen3vl,original,6921,philip,0.5,0.8333333333333334,0.5999999928
qwen3vl,original,10499,al,1.0,1.0,0.9999999900000002
qwen3vl,original,10499,robert,0.25,0.75,0.33333332888888895
qwen3vl,original,10499,val,1.0,1.0,0.9999999900000002
qwen3vl,original,7195,gerard,0.0,0.75,0.0
qwen3vl,original,7195,jennifer,0.0,0.5,0.0
qwen3vl,original,8085,brooke,0.0,0.0,0.0
qwen3vl,original,8085,linda,0.4,0.4,0.9999999750000006
qwen3vl,original,8085,richard,0.0,0.0,0.0
qwen3vl,original,8085,sam,0.2,1.0,0.19999999800000004
qwen3vl,original,1214,jack,0.0,1.0,0.0
qwen3vl,original,1214,scatman,0.6,0.6,0.9999999833333335
qwen3vl,original,6111,dexter,1.0,1.0,0.9999999900000002
qwen3vl,original,6111,jason,0.5,0.5,0.9999999800000003
qwen3vl,original,6111,nick,0.25,0.25,0.9999999600000016
qwen3vl,original,11260,colin,0.25,0.75,0.33333332888888895
qwen3vl,original,11260,jamie,0.0,1.0,0.0
qwen3vl,original,11260,john,0.75,0.75,0.9999999866666668
qwen3vl,original,6729,albert,0.2,0.2,0.9999999500000025
qwen3vl,original,6729,frederic,0.0,0.6,0.0
qwen3vl,original,6729,laurence,0.2,1.0,0.19999999800000004
qwen3vl,original,6729,sam,0.0,1.0,0.0
qwen3vl,original,11541,__NO_ANNOTATION__,,,
qwen3vl,original,6215,jason,0.16666666666666666,1.0,0.16666666500000002
qwen3vl,original,6215,nick,0.3333333333333333,0.6666666666666666,0.4999999925000001
qwen3vl,original,2702,ben,0.8,0.8,0.9999999875000001
qwen3vl,original,345,connie,0.0,0.75,0.0
qwen3vl,original,345,john,0.5,1.0,0.4999999950000001
qwen3vl,original,723,james,0.5,1.0,0.4999999950000001
qwen3vl,original,11543,__NO_ANNOTATION__,,,
qwen3vl,original,11340,christoph,0.75,0.75,0.9999999866666668
qwen3vl,original,11340,daniel,1.0,1.0,0.9999999900000002
qwen3vl,original,2722,__NO_ANNOTATION__,,,
qwen3vl,original,7596,kevin,0.0,0.4,0.0
qwen3vl,original,7596,william,0.0,0.8,0.0
qwen3vl,original,5540,__NO_ANNOTATION__,,,
qwen3vl,original,12423,hailee,0.0,0.0,0.0
qwen3vl,original,12423,jeff,0.8,0.8,0.9999999875000001
qwen3vl,original,12423,matt,0.0,0.8,0.0
qwen3vl,original,5265,amy,0.5,1.0,0.4999999950000001
qwen3vl,original,5265,christian,0.75,0.75,0.9999999866666668
qwen3vl,original,3295,dane,0.5,1.0,0.4999999950000001
qwen3vl,original,3295,demi,0.5,0.5,0.9999999800000003
qwen3vl,original,3295,ruben,0.25,0.25,0.9999999600000016
qwen3vl,original,8061,ellen,0.0,1.0,0.0
qwen3vl,original,8061,leonardo,0.14285714285714285,0.42857142857142855,0.3333333255555557
qwen3vl,original,8061,robert,0.8571428571428571,0.8571428571428571,0.9999999883333334
qwen3vl,original,9914,matthew,0.0,0.0,0.0
qwen3vl,original,9914,reese,1.0,1.0,0.9999999900000002
qwen3vl,original,515,bradley,0.16666666666666666,0.16666666666666666,0.9999999400000036
qwen3vl,original,515,christian,0.5,0.8333333333333334,0.5999999928
qwen3vl,original,515,shea,0.3333333333333333,1.0,0.33333333000000004
qwen3vl,original,9418,daniel,0.6,1.0,0.599999994
qwen3vl,original,9418,gary,0.0,0.0,0.0
qwen3vl,original,7065,jude,0.5,1.0,0.4999999950000001
qwen3vl,original,7065,matt,0.5,1.0,0.4999999950000001
qwen3vl,original,5201,brian,0.0,0.75,0.0
qwen3vl,original,5201,joan,0.125,0.875,0.1428571412244898
qwen3vl,original,5201,julia,0.125,0.5,0.24999999500000009
qwen3vl,original,5201,matt,0.0,0.0,0.0
qwen3vl,original,3891,val,0.75,0.75,0.9999999866666668
qwen3vl,original,13683,bill,0.2,0.6,0.33333332777777785
qwen3vl,original,13683,christian,0.0,0.4,0.0
qwen3vl,original,13683,terence,0.0,0.4,0.0
qwen3vl,original,13683,tom,0.6,1.0,0.599999994
qwen3vl,original,11678,karen,0.0,0.0,0.0
qwen3vl,original,11678,paul,0.75,0.75,0.9999999866666668
qwen3vl,original,11678,wolf,0.5,1.0,0.4999999950000001
qwen3vl,original,5721,__NO_ANNOTATION__,,,
qwen3vl,original,3761,jeff,1.0,1.0,0.9999999900000002
qwen3vl,original,3761,jim,1.0,1.0,0.9999999900000002
qwen3vl,original,4797,rene,0.0,0.5,0.0
qwen3vl,original,4797,roger,0.0,0.5,0.0
qwen3vl,original,8551,__NO_ANNOTATION__,,,
qwen3vl,original,4047,__NO_ANNOTATION__,,,
qwen3vl,original,5349,james,0.2,0.8,0.24999999687500002
qwen3vl,original,5349,kim,0.0,0.0,0.0
qwen3vl,original,6878,robert,0.0,1.0,0.0
qwen3vl,original,7150,eric,0.0,0.0,0.0
qwen3vl,original,7150,mark,0.25,0.25,0.9999999600000016
qwen3vl,original,9334,harrison,0.6,1.0,0.599999994
qwen3vl,original,10486,robert,0.0,0.0,0.0
qwen3vl,original,10486,val,0.0,0.0,0.0
qwen3vl,original,7702,donald,0.0,0.0,0.0
qwen3vl,original,7702,jude,0.0,0.5,0.0
qwen3vl,original,7702,nicole,0.5,0.5,0.9999999800000003
qwen3vl,original,11457,__NO_ANNOTATION__,,,
qwen3vl,original,5047,__NO_ANNOTATION__,,,
qwen3vl,original,948,benjamin,0.5,0.5,0.9999999800000003
qwen3vl,original,948,ksenia,0.0,0.0,0.0
qwen3vl,original,948,natalie,1.0,1.0,0.9999999900000002
qwen3vl,original,948,vincent,0.25,0.25,0.9999999600000016
qwen3vl,original,2926,jeff,0.5,1.0,0.4999999950000001
qwen3vl,original,2926,jim,0.5,1.0,0.4999999950000001
qwen3vl,original,5062,__NO_ANNOTATION__,,,
qwen3vl,original,721,denzel,0.25,0.25,0.9999999600000016
qwen3vl,original,721,gary,0.0,0.5,0.0
qwen3vl,original,721,mila,0.0,0.0,0.0
qwen3vl,original,721,tom,0.0,0.0,0.0
qwen3vl,original,2400,audrey,0.5,0.5,0.9999999800000003
qwen3vl,original,2400,cary,0.5,0.5,0.9999999800000003
qwen3vl,original,2400,george,0.0,0.0,0.0
qwen3vl,original,2400,jacques,0.0,0.75,0.0
qwen3vl,original,6847,ben,1.0,1.0,0.9999999900000002
qwen3vl,original,6847,lin,0.0,0.5,0.0
qwen3vl,original,1467,anthony,0.5,0.5,0.9999999800000003
qwen3vl,original,1467,rosario,0.0,1.0,0.0
qwen3vl,original,4173,heath,0.0,0.0,0.0
qwen3vl,original,4173,mel,0.2857142857142857,0.8571428571428571,0.3333333294444445
qwen3vl,original,1111,__NO_ANNOTATION__,,,
qwen3vl,original,12358,__NO_ANNOTATION__,,,
qwen3vl,original,1201,__NO_ANNOTATION__,,,
qwen3vl,original,11719,billy,0.5,1.0,0.4999999950000001
qwen3vl,original,11719,shia,0.25,1.0,0.24999999750000004
qwen3vl,original,13596,emile,1.0,1.0,0.9999999900000002
qwen3vl,original,10408,ashton,0.4,0.4,0.9999999750000006
qwen3vl,original,10408,greta,0.0,0.4,0.0
qwen3vl,original,10408,jake,0.4,0.4,0.9999999750000006
qwen3vl,original,10408,natalie,0.0,0.4,0.0
qwen3vl,large,1201,__NO_ANNOTATION__,,,
qwen3vl,large,11541,__NO_ANNOTATION__,,,
qwen3vl,large,7195,gerard,0.25,1.0,0.24999999750000004
qwen3vl,large,7195,jennifer,0.0,0.5,0.0
qwen3vl,large,3891,robert,0.0,0.0,0.0
qwen3vl,large,3891,val,0.0,0.0,0.0
qwen3vl,large,733,gary,1.0,1.0,0.9999999900000002
qwen3vl,large,733,jennifer,0.6,1.0,0.599999994
qwen3vl,large,8154,angelina,0.0,0.4,0.0
qwen3vl,large,8154,fisher,0.2,0.2,0.9999999500000025
qwen3vl,large,8154,jonny,0.4,0.4,0.9999999750000006
qwen3vl,large,515,bradley,0.25,0.25,0.9999999600000016
qwen3vl,large,515,christian,0.625,0.875,0.714285706122449
qwen3vl,large,515,shea,0.25,0.875,0.2857142824489796
qwen3vl,large,10499,al,0.25,1.0,0.24999999750000004
qwen3vl,large,10499,robert,0.25,0.75,0.33333332888888895
qwen3vl,large,10499,val,0.0,1.0,0.0
qwen3vl,large,10486,robert,0.4,1.0,0.3999999960000001
qwen3vl,large,10486,val,0.0,0.0,0.0
qwen3vl,large,5062,__NO_ANNOTATION__,,,
qwen3vl,large,5721,__NO_ANNOTATION__,,,
qwen3vl,large,5265,amy,0.5,1.0,0.4999999950000001
qwen3vl,large,5265,christian,0.75,0.75,0.9999999866666668
qwen3vl,large,2400,audrey,0.5,0.5,0.9999999800000003
qwen3vl,large,2400,cary,0.5,0.5,0.9999999800000003
qwen3vl,large,2400,george,0.0,0.0,0.0
qwen3vl,large,2400,jacques,0.0,0.75,0.0
qwen3vl,large,3761,jeff,0.25,1.0,0.24999999750000004
qwen3vl,large,3761,jim,0.5,1.0,0.4999999950000001
qwen3vl,large,3295,dane,1.0,1.0,0.9999999900000002
qwen3vl,large,3295,demi,0.5,0.5,0.9999999800000003
qwen3vl,large,3295,ruben,0.25,0.25,0.9999999600000016
qwen3vl,large,8061,ellen,0.14285714285714285,1.0,0.14285714142857145
qwen3vl,large,8061,leonardo,0.14285714285714285,0.7142857142857143,0.1999999972
qwen3vl,large,8061,robert,0.5714285714285714,0.8571428571428571,0.666666658888889
qwen3vl,large,9914,reese,0.0,0.5,0.0
qwen3vl,large,7065,jude,0.0,1.0,0.0
qwen3vl,large,7065,matt,0.5,1.0,0.4999999950000001
qwen3vl,large,721,denzel,0.25,0.25,0.9999999600000016
qwen3vl,large,721,gary,0.0,1.0,0.0
qwen3vl,large,721,mila,0.0,0.0,0.0
qwen3vl,large,5047,__NO_ANNOTATION__,,,
qwen3vl,large,4047,__NO_ANNOTATION__,,,
qwen3vl,large,12358,__NO_ANNOTATION__,,,
qwen3vl,large,9334,harrison,0.6,1.0,0.599999994
qwen3vl,large,6878,robert,0.0,1.0,0.0
qwen3vl,large,948,benjamin,0.25,0.25,0.9999999600000016
qwen3vl,large,948,ksenia,0.0,0.0,0.0
qwen3vl,large,948,natalie,0.25,0.75,0.33333332888888895
qwen3vl,large,948,vincent,0.0,0.5,0.0
qwen3vl,large,7150,david,0.0,0.0,0.0
qwen3vl,large,7150,eric,0.25,0.25,0.9999999600000016
qwen3vl,large,7150,mark,0.0,0.0,0.0
qwen3vl,large,1467,anthony,0.75,0.75,0.9999999866666668
qwen3vl,large,1467,rosario,0.0,1.0,0.0
qwen3vl,large,9418,daniel,0.2,1.0,0.19999999800000004
qwen3vl,large,9418,gary,0.2,0.6,0.33333332777777785
qwen3vl,large,9418,john,0.0,0.0,0.0
qwen3vl,large,2722,__NO_ANNOTATION__,,,
qwen3vl,large,5201,brian,0.0,0.75,0.0
qwen3vl,large,5201,joan,0.125,0.875,0.1428571412244898
qwen3vl,large,5201,julia,0.125,0.5,0.24999999500000009
qwen3vl,large,5201,matt,0.0,0.0,0.0
qwen3vl,large,11457,__NO_ANNOTATION__,,,
qwen3vl,large,2702,ben,0.8,0.8,0.9999999875000001
qwen3vl,large,2702,cameron,0.0,0.0,0.0
qwen3vl,large,11543,__NO_ANNOTATION__,,,
qwen3vl,large,6215,jason,0.0,0.3333333333333333,0.0
qwen3vl,large,6215,nick,0.0,0.0,0.0
qwen3vl,large,13683,bill,0.0,0.4,0.0
qwen3vl,large,13683,terence,0.0,0.4,0.0
qwen3vl,large,13683,tom,0.4,0.8,0.49999999375000004
qwen3vl,large,11719,billy,0.5,1.0,0.4999999950000001
qwen3vl,large,11719,shia,0.5,1.0,0.4999999950000001
qwen3vl,large,11678,paul,0.5,0.5,0.9999999800000003
qwen3vl,large,11678,wolf,0.0,1.0,0.0
qwen3vl,large,7596,kevin,0.0,0.8,0.0
qwen3vl,large,7596,william,0.4,1.0,0.3999999960000001
qwen3vl,large,11340,brad,0.75,0.75,0.9999999866666668
qwen3vl,large,11340,christoph,0.5,1.0,0.4999999950000001
qwen3vl,large,11340,daniel,0.25,0.25,0.9999999600000016
qwen3vl,large,4173,heath,0.0,0.0,0.0
qwen3vl,large,4173,mel,0.0,0.5714285714285714,0.0
qwen3vl,large,6921,jude,0.0,0.0,0.0
qwen3vl,large,6921,matt,0.5,0.8333333333333334,0.5999999928
qwen3vl,large,6921,philip,0.0,0.8333333333333334,0.0
qwen3vl,large,6729,albert,0.0,0.0,0.0
qwen3vl,large,6729,laurence,0.0,0.0,0.0
qwen3vl,large,6729,martin,0.0,0.0,0.0
qwen3vl,large,12423,hailee,0.2,0.2,0.9999999500000025
qwen3vl,large,12423,jeff,0.4,0.8,0.49999999375000004
qwen3vl,large,12423,matt,0.4,0.8,0.49999999375000004
qwen3vl,large,8551,__NO_ANNOTATION__,,,
qwen3vl,large,11260,colin,0.5,0.5,0.9999999800000003
qwen3vl,large,11260,jamie,1.0,1.0,0.9999999900000002
qwen3vl,large,11260,john,0.5,1.0,0.4999999950000001
qwen3vl,large,3230,jean,0.0,0.75,0.0
qwen3vl,large,3230,tom,0.5,0.5,0.9999999800000003
qwen3vl,large,2926,jeff,0.5,1.0,0.4999999950000001
qwen3vl,large,2926,jim,0.5,1.0,0.4999999950000001
qwen3vl,large,8085,brooke,0.0,0.0,0.0
qwen3vl,large,8085,linda,0.4,0.4,0.9999999750000006
qwen3vl,large,8085,richard,0.0,0.0,0.0
qwen3vl,large,8085,sam,0.2,1.0,0.19999999800000004
qwen3vl,large,10408,ashton,0.4,0.4,0.9999999750000006
qwen3vl,large,10408,greta,0.4,0.4,0.9999999750000006
qwen3vl,large,10408,jake,0.4,0.4,0.9999999750000006
qwen3vl,large,345,connie,0.5,1.0,0.4999999950000001
qwen3vl,large,345,john,0.75,0.75,0.9999999866666668
qwen3vl,large,5349,james,0.0,0.8,0.0
qwen3vl,large,5349,kim,0.2,0.2,0.9999999500000025
qwen3vl,large,7702,jude,0.0,0.5,0.0
qwen3vl,large,7702,nicole,0.5,0.5,0.9999999800000003
qwen3vl,large,5540,__NO_ANNOTATION__,,,
qwen3vl,large,6847,ben,1.0,1.0,0.9999999900000002
qwen3vl,large,6847,cameron,0.5,0.5,0.9999999800000003
qwen3vl,large,6847,lin,0.25,0.25,0.9999999600000016
qwen3vl,large,1214,jack,0.0,1.0,0.0
qwen3vl,large,1214,scatman,0.4,0.4,0.9999999750000006
qwen3vl,large,1111,__NO_ANNOTATION__,,,
qwen3vl,large,723,james,0.375,0.875,0.4285714236734694
qwen3vl,large,4797,__NO_CHARACTER_MATCH__,,,
qwen3vl,large,6111,dexter,0.25,0.25,0.9999999600000016
qwen3vl,large,6111,jason,0.5,1.0,0.4999999950000001
qwen3vl,large,13596,emile,1.0,1.0,0.9999999900000002
